City,Country,Sessions,% New Sessions,New Users,Bounce Rate,Pages / Session,Avg. Session Duration,Goal Conversion Rate,Goal Completions,Goal Value
(not set),(not set),928,100.00%,928,91.16%,1.05,00:00:20,0.00%,0,$0.00
Houston,United States,640,32.03%,205,5.16%,14.05,00:07:25,0.00%,0,$0.00
(not set),United States,350,99.71%,349,76.86%,1.23,00:00:41,0.00%,0,$0.00
Samara,Russia,99,3.03%,3,91.92%,1.15,00:00:00,0.00%,0,$0.00
New York,United States,97,100.00%,97,84.54%,1.37,00:00:14,0.00%,0,$0.00
London,United Kingdom,43,100.00%,43,51.16%,2.37,00:00:28,0.00%,0,$0.00
Izhevsk,Russia,41,2.44%,1,100.00%,1.00,00:00:00,0.00%,0,$0.00
Amsterdam-Zuidoost,Netherlands,40,100.00%,40,100.00%,1.00,00:00:00,0.00%,0,$0.00
Chicago,United States,33,96.97%,32,69.70%,1.94,00:00:10,0.00%,0,$0.00
Beijing,China,31,87.10%,27,67.74%,1.13,00:01:50,0.00%,0,$0.00
Nashville,United States,29,31.03%,9,10.34%,5.07,00:05:17,0.00%,0,$0.00
Seoul,South Korea,28,100.00%,28,75.00%,2.25,00:00:02,0.00%,0,$0.00
Los Angeles,United States,28,85.71%,24,60.71%,3.18,00:01:20,0.00%,0,$0.00
League City,United States,27,48.15%,13,3.70%,7.00,00:01:24,0.00%,0,$0.00
Denver,United States,25,80.00%,20,60.00%,2.64,00:00:41,0.00%,0,$0.00
Myrtle Beach,United States,25,8.00%,2,0.00%,4.04,00:00:46,0.00%,0,$0.00
Moscow,Russia,24,45.83%,11,87.50%,1.33,00:00:05,0.00%,0,$0.00
Lynchburg,United States,23,100.00%,23,95.65%,1.04,00:00:03,0.00%,0,$0.00
Sao Paulo,Brazil,19,89.47%,17,36.84%,2.05,00:00:01,0.00%,0,$0.00
Boston,United States,19,94.74%,18,73.68%,1.89,00:02:11,0.00%,0,$0.00
Alexandria,United States,19,100.00%,19,78.95%,0.89,00:00:05,0.00%,0,$0.00
Reykjavik,Iceland,17,41.18%,7,11.76%,5.00,00:08:18,0.00%,0,$0.00
Chantilly,United States,17,100.00%,17,0.00%,2.24,00:00:01,0.00%,0,$0.00
San Diego,United States,16,100.00%,16,75.00%,1.62,00:00:16,0.00%,0,$0.00
San Francisco,United States,16,87.50%,14,56.25%,2.69,00:01:10,0.00%,0,$0.00
Overland Park,United States,16,100.00%,16,100.00%,1.00,00:00:00,0.00%,0,$0.00
Ashburn,United States,16,100.00%,16,43.75%,1.56,00:00:05,0.00%,0,$0.00
(not set),Taiwan,15,100.00%,15,86.67%,1.00,00:00:40,0.00%,0,$0.00
Sydney,Australia,14,100.00%,14,42.86%,2.50,00:00:49,0.00%,0,$0.00
Toronto,Canada,14,100.00%,14,50.00%,2.71,00:00:04,0.00%,0,$0.00
Hong Kong,Hong Kong,14,100.00%,14,71.43%,1.86,00:00:36,0.00%,0,$0.00
Dublin,Ireland,14,100.00%,14,64.29%,1.43,<00:00:01,0.00%,0,$0.00
Atlanta,United States,14,35.71%,5,50.00%,6.43,00:04:13,0.00%,0,$0.00
Arlington,United States,14,100.00%,14,92.86%,0.93,00:00:00,0.00%,0,$0.00
Chuo,Japan,14,100.00%,14,92.86%,0.93,00:00:00,0.00%,0,$0.00
Cairo,Egypt,13,100.00%,13,84.62%,0.85,00:00:00,0.00%,0,$0.00
Rio de Janeiro,Brazil,12,100.00%,12,41.67%,3.25,00:00:14,0.00%,0,$0.00
Shenzhen,China,12,100.00%,12,91.67%,1.08,00:00:25,0.00%,0,$0.00
Stuttgart,Germany,12,100.00%,12,75.00%,1.25,00:00:28,0.00%,0,$0.00
Paris,France,12,100.00%,12,83.33%,1.50,00:00:56,0.00%,0,$0.00
Rome,Italy,12,100.00%,12,66.67%,1.50,00:00:02,0.00%,0,$0.00
Austin,United States,12,83.33%,10,33.33%,2.50,00:00:36,0.00%,0,$0.00
Washington,United States,11,100.00%,11,90.91%,1.09,00:00:00,0.00%,0,$0.00
Springfield,United States,11,18.18%,2,9.09%,3.91,00:01:08,0.00%,0,$0.00
Portland,United States,11,63.64%,7,27.27%,5.27,<00:00:01,0.00%,0,$0.00
Dallas,United States,11,100.00%,11,63.64%,1.45,00:01:25,0.00%,0,$0.00
Saint-Valery-en-Caux,France,11,18.18%,2,0.00%,14.09,00:03:04,0.00%,0,$0.00
Brisbane,Australia,10,100.00%,10,70.00%,1.50,00:00:05,0.00%,0,$0.00
Shinjuku,Japan,10,100.00%,10,100.00%,1.00,00:00:00,0.00%,0,$0.00
Sandton,South Africa,10,100.00%,10,100.00%,1.00,00:00:00,0.00%,0,$0.00
Meridian charter Township,United States,10,100.00%,10,80.00%,1.20,00:00:36,0.00%,0,$0.00
Guangzhou,China,9,100.00%,9,88.89%,1.11,00:00:33,0.00%,0,$0.00
Magdeburg,Germany,9,100.00%,9,100.00%,1.00,00:00:00,0.00%,0,$0.00
Madrid,Spain,9,100.00%,9,77.78%,1.67,00:00:07,0.00%,0,$0.00
New Delhi,India,9,100.00%,9,77.78%,1.67,00:00:15,0.00%,0,$0.00
Amsterdam,Netherlands,9,77.78%,7,88.89%,1.11,<00:00:01,0.00%,0,$0.00
Oslo,Norway,9,100.00%,9,66.67%,1.67,00:00:06,0.00%,0,$0.00
Saint Petersburg,Russia,9,11.11%,1,100.00%,1.00,00:00:00,0.00%,0,$0.00
Greensboro,United States,9,100.00%,9,0.00%,12.33,<00:00:01,0.00%,0,$0.00
Henderson,United States,9,33.33%,3,11.11%,4.56,00:04:47,0.00%,0,$0.00
(not set),Tajikistan,8,87.50%,7,0.00%,2.88,00:00:19,0.00%,0,$0.00
Laval,Canada,8,25.00%,2,25.00%,2.12,00:00:14,0.00%,0,$0.00
Shanghai,China,8,100.00%,8,87.50%,0.88,00:00:00,0.00%,0,$0.00
Chongqing,China,8,100.00%,8,62.50%,1.38,00:01:06,0.00%,0,$0.00
Bogota,Colombia,8,100.00%,8,100.00%,1.00,00:00:00,0.00%,0,$0.00
Mumbai,India,8,100.00%,8,75.00%,1.25,<00:00:01,0.00%,0,$0.00
Kyiv,Ukraine,8,62.50%,5,87.50%,1.12,00:00:34,0.00%,0,$0.00
Cambridge,United States,8,100.00%,8,75.00%,1.00,00:00:11,0.00%,0,$0.00
Pittsburgh,United States,8,100.00%,8,87.50%,1.12,00:00:00,0.00%,0,$0.00
(not set),China,7,100.00%,7,100.00%,1.00,00:00:00,0.00%,0,$0.00
Vienna,Austria,7,85.71%,6,57.14%,2.00,00:00:03,0.00%,0,$0.00
Campinas,Brazil,7,57.14%,4,0.00%,4.29,00:04:45,0.00%,0,$0.00
Mississauga,Canada,7,100.00%,7,42.86%,2.43,00:03:11,0.00%,0,$0.00
Montreal,Canada,7,100.00%,7,42.86%,2.43,00:00:14,0.00%,0,$0.00
Milan,Italy,7,100.00%,7,85.71%,1.14,00:00:00,0.00%,0,$0.00
Chiyoda,Japan,7,100.00%,7,85.71%,0.86,00:00:00,0.00%,0,$0.00
Osaka,Japan,7,100.00%,7,100.00%,1.00,00:00:00,0.00%,0,$0.00
San Jose,United States,7,100.00%,7,71.43%,1.71,00:00:05,0.00%,0,$0.00
Cape Town,South Africa,7,57.14%,4,28.57%,5.29,00:02:34,0.00%,0,$0.00
(not set),Algeria,6,100.00%,6,50.00%,1.50,<00:00:01,0.00%,0,$0.00
Fortaleza,Brazil,6,100.00%,6,33.33%,1.33,00:00:00,0.00%,0,$0.00
Belo Horizonte,Brazil,6,100.00%,6,33.33%,1.67,<00:00:01,0.00%,0,$0.00
Hangzhou,China,6,100.00%,6,66.67%,1.33,00:00:23,0.00%,0,$0.00
Chengdu,China,6,100.00%,6,83.33%,1.17,00:00:15,0.00%,0,$0.00
Cologne,Germany,6,100.00%,6,83.33%,1.17,00:00:08,0.00%,0,$0.00
Tel Aviv-Yafo,Israel,6,83.33%,5,50.00%,1.83,00:00:05,0.00%,0,$0.00
Daejeon,South Korea,6,100.00%,6,66.67%,1.00,00:00:18,0.00%,0,$0.00
Warsaw,Poland,6,100.00%,6,50.00%,1.50,00:01:10,0.00%,0,$0.00
Stockholm,Sweden,6,100.00%,6,66.67%,1.67,00:00:06,0.00%,0,$0.00
Sacramento,United States,6,66.67%,4,83.33%,1.17,00:00:00,0.00%,0,$0.00
Sunnyvale,United States,6,100.00%,6,83.33%,1.17,<00:00:01,0.00%,0,$0.00
Indianapolis,United States,6,100.00%,6,100.00%,1.00,00:00:00,0.00%,0,$0.00
Detroit,United States,6,100.00%,6,100.00%,1.00,00:00:00,0.00%,0,$0.00
San Antonio,United States,6,100.00%,6,50.00%,1.50,00:00:05,0.00%,0,$0.00
(not set),Germany,5,100.00%,5,60.00%,1.40,00:00:15,0.00%,0,$0.00
(not set),France,5,100.00%,5,80.00%,1.20,<00:00:01,0.00%,0,$0.00
Buenos Aires,Argentina,5,100.00%,5,60.00%,1.40,00:00:23,0.00%,0,$0.00
Adelaide,Australia,5,100.00%,5,60.00%,1.40,00:00:00,0.00%,0,$0.00
Melbourne,Australia,5,100.00%,5,60.00%,1.40,00:01:40,0.00%,0,$0.00
Brussels,Belgium,5,100.00%,5,100.00%,1.00,00:00:00,0.00%,0,$0.00
Aracaju,Brazil,5,80.00%,4,40.00%,3.00,00:00:18,0.00%,0,$0.00
Tianjin,China,5,100.00%,5,80.00%,0.80,00:00:00,0.00%,0,$0.00
Suzhou,China,5,100.00%,5,100.00%,1.00,00:00:00,0.00%,0,$0.00
Nanchang,China,5,100.00%,5,100.00%,1.00,00:00:00,0.00%,0,$0.00
San Jose,Costa Rica,5,100.00%,5,40.00%,3.00,00:01:05,0.00%,0,$0.00
Barcelona,Spain,5,80.00%,4,60.00%,1.40,00:00:00,0.00%,0,$0.00
Manchester,United Kingdom,5,100.00%,5,40.00%,2.40,00:00:06,0.00%,0,$0.00
Bengaluru,India,5,100.00%,5,60.00%,2.60,00:00:42,0.00%,0,$0.00
Yokohama,Japan,5,100.00%,5,100.00%,1.00,00:00:00,0.00%,0,$0.00
Mexico City,Mexico,5,100.00%,5,80.00%,1.20,00:00:00,0.00%,0,$0.00
Rostov-on-Don,Russia,5,60.00%,3,100.00%,1.00,00:00:00,0.00%,0,$0.00
Yekaterinburg,Russia,5,40.00%,2,100.00%,1.00,00:00:00,0.00%,0,$0.00
Singapore,Singapore,5,100.00%,5,80.00%,1.20,00:00:00,0.00%,0,$0.00
Bangkok,Thailand,5,100.00%,5,100.00%,1.00,00:00:00,0.00%,0,$0.00
Butte City,United States,5,20.00%,1,0.00%,5.40,00:04:56,0.00%,0,$0.00
Honolulu,United States,5,100.00%,5,60.00%,1.40,00:00:00,0.00%,0,$0.00
Charlotte,United States,5,100.00%,5,60.00%,1.40,00:00:18,0.00%,0,$0.00
Everett,United States,5,100.00%,5,0.00%,2.00,00:00:00,0.00%,0,$0.00
(not set),Brazil,4,100.00%,4,50.00%,1.50,<00:00:01,0.00%,0,$0.00
(not set),Italy,4,100.00%,4,100.00%,1.00,00:00:00,0.00%,0,$0.00
(not set),Kenya,4,100.00%,4,75.00%,1.25,00:02:30,0.00%,0,$0.00
Calgary,Canada,4,100.00%,4,25.00%,1.25,00:00:00,0.00%,0,$0.00
Dongguan,China,4,100.00%,4,75.00%,1.25,00:01:15,0.00%,0,$0.00
Lhasa,China,4,100.00%,4,100.00%,1.00,00:00:00,0.00%,0,$0.00
Xi'an,China,4,100.00%,4,100.00%,1.00,00:00:00,0.00%,0,$0.00
Berlin,Germany,4,75.00%,3,100.00%,1.00,00:00:00,0.00%,0,$0.00
Dusseldorf,Germany,4,100.00%,4,75.00%,1.25,00:02:30,0.00%,0,$0.00
Leeds,United Kingdom,4,100.00%,4,100.00%,1.00,00:00:00,0.00%,0,$0.00
Jakarta,Indonesia,4,75.00%,3,75.00%,2.75,00:00:56,0.00%,0,$0.00
Chandigarh,India,4,100.00%,4,100.00%,1.00,00:00:00,0.00%,0,$0.00
Tehran,Iran,4,100.00%,4,75.00%,1.75,00:00:16,0.00%,0,$0.00
Sapporo,Japan,4,100.00%,4,75.00%,0.75,00:00:00,0.00%,0,$0.00
Shibuya,Japan,4,100.00%,4,75.00%,0.75,00:00:00,0.00%,0,$0.00
Incheon,South Korea,4,100.00%,4,100.00%,1.00,00:00:00,0.00%,0,$0.00
Busan,South Korea,4,100.00%,4,100.00%,1.00,00:00:00,0.00%,0,$0.00
Daegu,South Korea,4,100.00%,4,100.00%,1.00,00:00:00,0.00%,0,$0.00
The Hague,Netherlands,4,100.00%,4,75.00%,1.25,00:00:00,0.00%,0,$0.00
Auckland,New Zealand,4,100.00%,4,25.00%,2.75,00:00:18,0.00%,0,$0.00
Novosibirsk,Russia,4,100.00%,4,75.00%,1.25,00:00:00,0.00%,0,$0.00
Phoenix,United States,4,100.00%,4,50.00%,2.00,00:00:04,0.00%,0,$0.00
Palo Alto,United States,4,100.00%,4,100.00%,1.00,00:00:00,0.00%,0,$0.00
Paradise,United States,4,0.00%,0,0.00%,17.50,00:09:28,0.00%,0,$0.00
Santa Clara,United States,4,100.00%,4,75.00%,1.25,00:01:40,0.00%,0,$0.00
Colorado Springs,United States,4,100.00%,4,75.00%,0.75,00:00:00,0.00%,0,$0.00
Fort Lauderdale,United States,4,100.00%,4,0.00%,2.00,00:00:00,0.00%,0,$0.00
New Orleans,United States,4,100.00%,4,100.00%,1.00,00:00:00,0.00%,0,$0.00
Baltimore,United States,4,75.00%,3,50.00%,1.00,00:00:00,0.00%,0,$0.00
Ann Arbor,United States,4,100.00%,4,100.00%,1.00,00:00:00,0.00%,0,$0.00
Fayetteville,United States,4,75.00%,3,50.00%,2.00,00:02:41,0.00%,0,$0.00
Parsippany-Troy Hills,United States,4,100.00%,4,100.00%,1.00,00:00:00,0.00%,0,$0.00
Cincinnati,United States,4,100.00%,4,75.00%,2.00,00:00:18,0.00%,0,$0.00
Columbia,United States,4,25.00%,1,25.00%,1.75,00:00:00,0.00%,0,$0.00
Huntsville,United States,4,50.00%,2,0.00%,8.25,00:03:12,0.00%,0,$0.00
Purcellville,United States,4,100.00%,4,100.00%,1.00,00:00:00,0.00%,0,$0.00
Ho Chi Minh City,Vietnam,4,100.00%,4,100.00%,1.00,00:00:00,0.00%,0,$0.00
Minato,Japan,4,100.00%,4,75.00%,1.25,00:00:25,0.00%,0,$0.00
Townsend,United States,4,75.00%,3,0.00%,10.00,00:09:44,0.00%,0,$0.00
(not set),Spain,3,100.00%,3,66.67%,1.33,00:00:00,0.00%,0,$0.00
(not set),United Kingdom,3,100.00%,3,100.00%,1.00,00:00:00,0.00%,0,$0.00
(not set),Indonesia,3,100.00%,3,33.33%,4.00,00:00:41,0.00%,0,$0.00
(not set),Tunisia,3,100.00%,3,66.67%,0.67,00:00:00,0.00%,0,$0.00
Canberra,Australia,3,100.00%,3,100.00%,1.00,00:00:00,0.00%,0,$0.00
Perth,Australia,3,100.00%,3,33.33%,1.00,<00:00:01,0.00%,0,$0.00
Antwerp,Belgium,3,100.00%,3,33.33%,11.00,00:02:06,0.00%,0,$0.00
Kalmthout,Belgium,3,100.00%,3,100.00%,1.00,00:00:00,0.00%,0,$0.00
Brasilia,Brazil,3,100.00%,3,33.33%,6.67,00:01:55,0.00%,0,$0.00
Recife,Brazil,3,100.00%,3,66.67%,1.67,00:00:13,0.00%,0,$0.00
Curitiba,Brazil,3,100.00%,3,66.67%,1.33,00:00:00,0.00%,0,$0.00
Franca,Brazil,3,100.00%,3,33.33%,1.67,00:00:00,0.00%,0,$0.00
Vancouver,Canada,3,100.00%,3,0.00%,1.33,00:00:00,0.00%,0,$0.00
Victoria,Canada,3,100.00%,3,66.67%,1.33,00:00:00,0.00%,0,$0.00
London,Canada,3,100.00%,3,66.67%,1.33,00:00:00,0.00%,0,$0.00
Saskatoon,Canada,3,100.00%,3,33.33%,2.33,00:00:06,0.00%,0,$0.00
Zurich,Switzerland,3,100.00%,3,100.00%,1.00,00:00:00,0.00%,0,$0.00
Santiago,Chile,3,100.00%,3,100.00%,1.00,00:00:00,0.00%,0,$0.00
Ningbo,China,3,100.00%,3,100.00%,1.00,00:00:00,0.00%,0,$0.00
Shaoxing,China,3,100.00%,3,100.00%,1.00,00:00:00,0.00%,0,$0.00
Hefei,China,3,100.00%,3,100.00%,1.00,00:00:00,0.00%,0,$0.00
Quanzhou,China,3,100.00%,3,100.00%,1.00,00:00:00,0.00%,0,$0.00
Jinan,China,3,100.00%,3,100.00%,1.00,00:00:00,0.00%,0,$0.00
Wuhan,China,3,100.00%,3,66.67%,27.00,00:00:51,0.00%,0,$0.00
Foshan,China,3,100.00%,3,66.67%,1.33,00:00:28,0.00%,0,$0.00
Prague,Czech Republic,3,100.00%,3,66.67%,1.33,00:00:00,0.00%,0,$0.00
Nuremberg,Germany,3,100.00%,3,100.00%,1.00,00:00:00,0.00%,0,$0.00
Frankfurt,Germany,3,100.00%,3,33.33%,1.67,00:00:13,0.00%,0,$0.00
Sankt Augustin,Germany,3,100.00%,3,100.00%,1.00,00:00:00,0.00%,0,$0.00
Copenhagen,Denmark,3,100.00%,3,100.00%,1.00,00:00:00,0.00%,0,$0.00
Algiers,Algeria,3,100.00%,3,0.00%,3.00,00:01:41,0.00%,0,$0.00
Alexandria,Egypt,3,100.00%,3,66.67%,0.67,00:00:00,0.00%,0,$0.00
Tampere,Finland,3,100.00%,3,100.00%,1.00,00:00:00,0.00%,0,$0.00
Rennes,France,3,100.00%,3,66.67%,1.33,00:00:00,0.00%,0,$0.00
Edinburgh,United Kingdom,3,100.00%,3,33.33%,3.00,00:01:08,0.00%,0,$0.00
Denpasar,Indonesia,3,100.00%,3,100.00%,1.00,00:00:00,0.00%,0,$0.00
Hyderabad,India,3,100.00%,3,100.00%,1.00,00:00:00,0.00%,0,$0.00
Brescia,Italy,3,100.00%,3,66.67%,0.67,00:00:00,0.00%,0,$0.00
Hiroshima,Japan,3,100.00%,3,100.00%,1.00,00:00:00,0.00%,0,$0.00
Ansan-si,South Korea,3,100.00%,3,100.00%,1.00,00:00:00,0.00%,0,$0.00
Guadalajara,Mexico,3,100.00%,3,66.67%,1.33,00:02:13,0.00%,0,$0.00
Kuala Lumpur,Malaysia,3,100.00%,3,100.00%,1.00,00:00:00,0.00%,0,$0.00
Dronten,Netherlands,3,100.00%,3,0.00%,2.00,00:00:00,0.00%,0,$0.00
Rotterdam,Netherlands,3,100.00%,3,100.00%,1.00,00:00:00,0.00%,0,$0.00
Krakow,Poland,3,100.00%,3,66.67%,1.33,00:00:00,0.00%,0,$0.00
Oeiras,Portugal,3,66.67%,2,33.33%,2.67,00:01:02,0.00%,0,$0.00
Sochi,Russia,3,0.00%,0,100.00%,1.00,00:00:00,0.00%,0,$0.00
Ankara,Turkey,3,100.00%,3,66.67%,4.67,00:00:00,0.00%,0,$0.00
Scottsdale,United States,3,100.00%,3,66.67%,1.33,00:02:47,0.00%,0,$0.00
Oakland,United States,3,100.00%,3,0.00%,2.00,00:00:02,0.00%,0,$0.00
Wilmington,United States,3,100.00%,3,66.67%,2.67,00:00:41,0.00%,0,$0.00
Miami,United States,3,100.00%,3,66.67%,2.00,00:00:38,0.00%,0,$0.00
Louisville,United States,3,100.00%,3,100.00%,1.00,00:00:00,0.00%,0,$0.00
Raleigh,United States,3,100.00%,3,100.00%,1.00,00:00:00,0.00%,0,$0.00
Cleveland,United States,3,100.00%,3,100.00%,1.00,00:00:00,0.00%,0,$0.00
Columbus,United States,3,100.00%,3,66.67%,1.33,00:00:00,0.00%,0,$0.00
Memphis,United States,3,100.00%,3,100.00%,1.00,00:00:00,0.00%,0,$0.00
Arlington,United States,3,0.00%,0,0.00%,2.00,00:00:27,0.00%,0,$0.00
El Paso,United States,3,100.00%,3,66.67%,1.33,00:00:00,0.00%,0,$0.00
Frisco,United States,3,100.00%,3,100.00%,1.00,00:00:00,0.00%,0,$0.00
Lubbock,United States,3,100.00%,3,100.00%,1.00,00:00:00,0.00%,0,$0.00
Fort Belvoir,United States,3,100.00%,3,100.00%,1.00,00:00:00,0.00%,0,$0.00
Seattle,United States,3,100.00%,3,33.33%,1.67,00:00:00,0.00%,0,$0.00
Jingzhou,China,3,100.00%,3,100.00%,1.00,00:00:00,0.00%,0,$0.00
Druid Hills,United States,3,100.00%,3,0.00%,2.00,00:00:00,0.00%,0,$0.00
Paradise,United States,3,100.00%,3,0.00%,2.00,00:00:00,0.00%,0,$0.00
(not set),Israel,2,50.00%,1,100.00%,1.00,00:00:00,0.00%,0,$0.00
(not set),Iran,2,100.00%,2,100.00%,1.00,00:00:00,0.00%,0,$0.00
(not set),Sweden,2,100.00%,2,100.00%,1.00,00:00:00,0.00%,0,$0.00
(not set),Singapore,2,100.00%,2,100.00%,1.00,00:00:00,0.00%,0,$0.00
(not set),Venezuela,2,100.00%,2,100.00%,1.00,00:00:00,0.00%,0,$0.00
(not set),Vietnam,2,100.00%,2,50.00%,1.50,00:00:30,0.00%,0,$0.00
Maceio,Brazil,2,100.00%,2,0.00%,1.00,00:00:00,0.00%,0,$0.00
Goiania,Brazil,2,100.00%,2,100.00%,1.00,00:00:00,0.00%,0,$0.00
Campina Grande,Brazil,2,100.00%,2,50.00%,1.50,00:00:00,0.00%,0,$0.00
Porto Alegre,Brazil,2,100.00%,2,0.00%,2.00,00:00:00,0.00%,0,$0.00
Chapeco,Brazil,2,100.00%,2,0.00%,4.00,00:04:56,0.00%,0,$0.00
Edmonton,Canada,2,100.00%,2,0.00%,2.00,00:00:32,0.00%,0,$0.00
Lethbridge,Canada,2,100.00%,2,100.00%,1.00,00:00:00,0.00%,0,$0.00
Nanaimo,Canada,2,100.00%,2,100.00%,1.00,00:00:00,0.00%,0,$0.00
Surrey,Canada,2,100.00%,2,0.00%,4.50,00:00:19,0.00%,0,$0.00
Kingston,Canada,2,100.00%,2,0.00%,2.00,00:00:00,0.00%,0,$0.00
Richmond Hill,Canada,2,100.00%,2,0.00%,4.50,00:02:24,0.00%,0,$0.00
Charlottetown,Canada,2,100.00%,2,0.00%,2.00,00:00:00,0.00%,0,$0.00
Quebec City,Canada,2,100.00%,2,50.00%,1.50,00:00:01,0.00%,0,$0.00
Hohhot,China,2,100.00%,2,100.00%,1.00,00:00:00,0.00%,0,$0.00
Shenyang,China,2,100.00%,2,100.00%,1.00,00:00:00,0.00%,0,$0.00
Nanjing,China,2,100.00%,2,100.00%,1.00,00:00:00,0.00%,0,$0.00
Wenzhou,China,2,100.00%,2,100.00%,1.00,00:00:00,0.00%,0,$0.00
Xiamen,China,2,100.00%,2,100.00%,1.00,00:00:00,0.00%,0,$0.00
Nanyang,China,2,100.00%,2,100.00%,1.00,00:00:00,0.00%,0,$0.00
Zhengzhou,China,2,100.00%,2,100.00%,1.00,00:00:00,0.00%,0,$0.00
Enshi,China,2,100.00%,2,100.00%,1.00,00:00:00,0.00%,0,$0.00
Changsha,China,2,100.00%,2,50.00%,0.50,00:00:00,0.00%,0,$0.00
Nanning,China,2,100.00%,2,100.00%,1.00,00:00:00,0.00%,0,$0.00
Urumqi,China,2,100.00%,2,100.00%,1.00,00:00:00,0.00%,0,$0.00
Olomouc,Czech Republic,2,50.00%,1,0.00%,32.00,00:03:27,0.00%,0,$0.00
Ostrava,Czech Republic,2,100.00%,2,100.00%,1.00,00:00:00,0.00%,0,$0.00
Karlsruhe,Germany,2,100.00%,2,100.00%,1.00,00:00:00,0.00%,0,$0.00
Munich,Germany,2,100.00%,2,100.00%,1.00,00:00:00,0.00%,0,$0.00
Hamburg,Germany,2,100.00%,2,100.00%,1.00,00:00:00,0.00%,0,$0.00
Dortmund,Germany,2,100.00%,2,100.00%,1.00,00:00:00,0.00%,0,$0.00
Monchengladbach,Germany,2,50.00%,1,50.00%,1.50,00:00:00,0.00%,0,$0.00
Koblenz,Germany,2,100.00%,2,50.00%,4.50,00:00:43,0.00%,0,$0.00
Chemnitz,Germany,2,100.00%,2,100.00%,1.00,00:00:00,0.00%,0,$0.00
Viborg,Denmark,2,100.00%,2,50.00%,1.50,00:00:00,0.00%,0,$0.00
Quito,Ecuador,2,100.00%,2,50.00%,1.50,00:00:01,0.00%,0,$0.00
Vigo,Spain,2,100.00%,2,50.00%,1.50,00:02:30,0.00%,0,$0.00
Lille,France,2,100.00%,2,100.00%,1.00,00:00:00,0.00%,0,$0.00
Grenoble,France,2,100.00%,2,50.00%,0.50,00:00:00,0.00%,0,$0.00
Lyon,France,2,100.00%,2,50.00%,1.50,00:00:00,0.00%,0,$0.00
Birmingham,United Kingdom,2,100.00%,2,100.00%,1.00,00:00:00,0.00%,0,$0.00
Blackburn,United Kingdom,2,100.00%,2,100.00%,1.00,00:00:00,0.00%,0,$0.00
Bristol,United Kingdom,2,100.00%,2,50.00%,3.50,00:00:18,0.00%,0,$0.00
Gloucester,United Kingdom,2,100.00%,2,100.00%,1.00,00:00:00,0.00%,0,$0.00
Ipswich,United Kingdom,2,50.00%,1,100.00%,1.00,00:00:00,0.00%,0,$0.00
Oxford,United Kingdom,2,100.00%,2,50.00%,1.50,00:00:00,0.00%,0,$0.00
Reading,United Kingdom,2,100.00%,2,50.00%,2.50,00:00:08,0.00%,0,$0.00
Budapest,Hungary,2,50.00%,1,100.00%,1.00,00:00:00,0.00%,0,$0.00
Surabaya,Indonesia,2,100.00%,2,100.00%,1.00,00:00:00,0.00%,0,$0.00
Ahmedabad,India,2,100.00%,2,100.00%,1.00,00:00:00,0.00%,0,$0.00
Indore,India,2,100.00%,2,100.00%,1.00,00:00:00,0.00%,0,$0.00
Chennai,India,2,100.00%,2,100.00%,1.00,00:00:00,0.00%,0,$0.00
Kolkata,India,2,100.00%,2,100.00%,1.00,00:00:00,0.00%,0,$0.00
Catania,Italy,2,100.00%,2,0.00%,2.00,00:00:00,0.00%,0,$0.00
Modena,Italy,2,100.00%,2,50.00%,0.50,00:00:00,0.00%,0,$0.00
Tsukuba,Japan,2,100.00%,2,100.00%,1.00,00:00:00,0.00%,0,$0.00
Ota,Japan,2,100.00%,2,100.00%,1.00,00:00:00,0.00%,0,$0.00
Setagaya,Japan,2,100.00%,2,100.00%,1.00,00:00:00,0.00%,0,$0.00
Nagoya,Japan,2,100.00%,2,100.00%,1.00,00:00:00,0.00%,0,$0.00
Okazaki,Japan,2,100.00%,2,100.00%,1.00,00:00:00,0.00%,0,$0.00
Kobe,Japan,2,100.00%,2,100.00%,1.00,00:00:00,0.00%,0,$0.00
Almaty,Kazakhstan,2,100.00%,2,50.00%,1.50,00:00:51,0.00%,0,$0.00
Jeju-si,South Korea,2,100.00%,2,100.00%,1.00,00:00:00,0.00%,0,$0.00
Gwangju,South Korea,2,100.00%,2,100.00%,1.00,00:00:00,0.00%,0,$0.00
Suwon-si,South Korea,2,100.00%,2,0.00%,12.00,00:00:04,0.00%,0,$0.00
Casablanca,Morocco,2,100.00%,2,100.00%,1.00,00:00:00,0.00%,0,$0.00
Santiago de Queretaro,Mexico,2,100.00%,2,100.00%,1.00,00:00:00,0.00%,0,$0.00
Maastricht,Netherlands,2,100.00%,2,100.00%,1.00,00:00:00,0.00%,0,$0.00
Gdansk,Poland,2,100.00%,2,100.00%,1.00,00:00:00,0.00%,0,$0.00
Almada,Portugal,2,100.00%,2,0.00%,2.00,00:02:31,0.00%,0,$0.00
Cluj-Napoca,Romania,2,100.00%,2,0.00%,4.50,00:00:36,0.00%,0,$0.00
Ufa,Russia,2,50.00%,1,100.00%,1.00,00:00:00,0.00%,0,$0.00
Chelyabinsk,Russia,2,0.00%,0,100.00%,1.00,00:00:00,0.00%,0,$0.00
Krasnodar,Russia,2,0.00%,0,100.00%,1.00,00:00:00,0.00%,0,$0.00
Kaliningrad,Russia,2,0.00%,0,50.00%,1.50,00:03:22,0.00%,0,$0.00
Surgut,Russia,2,0.00%,0,100.00%,1.00,00:00:00,0.00%,0,$0.00
Penza,Russia,2,0.00%,0,100.00%,1.00,00:00:00,0.00%,0,$0.00
Engels,Russia,2,50.00%,1,100.00%,1.00,00:00:00,0.00%,0,$0.00
Voronezh,Russia,2,0.00%,0,100.00%,1.00,00:00:00,0.00%,0,$0.00
Riyadh,Saudi Arabia,2,100.00%,2,100.00%,1.00,00:00:00,0.00%,0,$0.00
Gothenburg,Sweden,2,100.00%,2,0.00%,3.00,00:00:14,0.00%,0,$0.00
Istanbul,Turkey,2,100.00%,2,100.00%,1.00,00:00:00,0.00%,0,$0.00
Izmir,Turkey,2,100.00%,2,100.00%,1.00,00:00:00,0.00%,0,$0.00
Dnepropetrovsk,Ukraine,2,100.00%,2,50.00%,1.50,00:00:34,0.00%,0,$0.00
Kharkiv,Ukraine,2,0.00%,0,100.00%,1.00,00:00:00,0.00%,0,$0.00
Montevideo,Uruguay,2,100.00%,2,0.00%,2.00,00:05:00,0.00%,0,$0.00
Anchorage,United States,2,100.00%,2,100.00%,1.00,00:00:00,0.00%,0,$0.00
Mesa,United States,2,100.00%,2,100.00%,1.00,00:00:00,0.00%,0,$0.00
Tempe,United States,2,100.00%,2,0.00%,3.00,00:00:08,0.00%,0,$0.00
Anaheim,United States,2,100.00%,2,100.00%,1.00,00:00:00,0.00%,0,$0.00
Costa Mesa,United States,2,50.00%,1,50.00%,1.50,00:05:10,0.00%,0,$0.00
Irvine,United States,2,100.00%,2,100.00%,1.00,00:00:00,0.00%,0,$0.00
Milpitas,United States,2,100.00%,2,100.00%,1.00,00:00:00,0.00%,0,$0.00
Mountain View,United States,2,100.00%,2,50.00%,2.50,00:00:39,0.00%,0,$0.00
Santa Monica,United States,2,100.00%,2,100.00%,1.00,00:00:00,0.00%,0,$0.00
Bridgeport,United States,2,100.00%,2,100.00%,1.00,00:00:00,0.00%,0,$0.00
Miami Beach,United States,2,100.00%,2,50.00%,4.50,00:07:23,0.00%,0,$0.00
Peoria,United States,2,100.00%,2,100.00%,1.00,00:00:00,0.00%,0,$0.00
Schaumburg,United States,2,100.00%,2,100.00%,1.00,00:00:00,0.00%,0,$0.00
Lynn,United States,2,100.00%,2,100.00%,1.00,00:00:00,0.00%,0,$0.00
Waltham,United States,2,100.00%,2,50.00%,1.50,00:00:00,0.00%,0,$0.00
Aberdeen Proving Ground,United States,2,100.00%,2,100.00%,1.00,00:00:00,0.00%,0,$0.00
Grand Rapids,United States,2,100.00%,2,100.00%,1.00,00:00:00,0.00%,0,$0.00
Saint Joseph,United States,2,100.00%,2,100.00%,1.00,00:00:00,0.00%,0,$0.00
Mankato,United States,2,100.00%,2,50.00%,1.50,00:00:00,0.00%,0,$0.00
Saint Paul,United States,2,100.00%,2,50.00%,0.50,00:00:00,0.00%,0,$0.00
Omaha,United States,2,100.00%,2,100.00%,1.00,00:00:00,0.00%,0,$0.00
Bloomfield,United States,2,100.00%,2,100.00%,1.00,00:00:00,0.00%,0,$0.00
Las Vegas,United States,2,100.00%,2,100.00%,1.00,00:00:00,0.00%,0,$0.00
Boardman,United States,2,100.00%,2,100.00%,1.00,00:00:00,0.00%,0,$0.00
Hebo,United States,2,100.00%,2,100.00%,1.00,00:00:00,0.00%,0,$0.00
Philadelphia,United States,2,100.00%,2,50.00%,2.00,00:00:02,0.00%,0,$0.00
Charleston,United States,2,100.00%,2,50.00%,1.50,00:04:10,0.00%,0,$0.00
Grand Prairie,United States,2,0.00%,0,0.00%,3.00,00:00:21,0.00%,0,$0.00
Salt Lake City,United States,2,100.00%,2,100.00%,1.00,00:00:00,0.00%,0,$0.00
Reston,United States,2,100.00%,2,100.00%,1.00,00:00:00,0.00%,0,$0.00
Bellevue,United States,2,100.00%,2,100.00%,1.00,00:00:00,0.00%,0,$0.00
Bothell,United States,2,100.00%,2,0.00%,3.00,00:00:13,0.00%,0,$0.00
Madison,United States,2,100.00%,2,100.00%,1.00,00:00:00,0.00%,0,$0.00
Milwaukee,United States,2,100.00%,2,100.00%,1.00,00:00:00,0.00%,0,$0.00
Belgrade,Serbia,2,100.00%,2,100.00%,1.00,00:00:00,0.00%,0,$0.00
Johannesburg,South Africa,2,100.00%,2,100.00%,1.00,00:00:00,0.00%,0,$0.00
Paju-si,South Korea,2,100.00%,2,100.00%,1.00,00:00:00,0.00%,0,$0.00
Sertaozinho,Brazil,2,100.00%,2,50.00%,1.50,00:00:00,0.00%,0,$0.00
Bayingol,China,2,100.00%,2,50.00%,0.50,00:00:00,0.00%,0,$0.00
Newbridge,Ireland,2,100.00%,2,0.00%,2.50,00:00:40,0.00%,0,$0.00
Novy Urengoy,Russia,2,0.00%,0,100.00%,1.00,00:00:00,0.00%,0,$0.00
Gjovik,Norway,2,100.00%,2,50.00%,2.50,00:00:11,0.00%,0,$0.00
Aventura,United States,2,100.00%,2,50.00%,1.50,00:00:00,0.00%,0,$0.00
Burien,United States,2,100.00%,2,100.00%,1.00,00:00:00,0.00%,0,$0.00
Sandy Springs,United States,2,100.00%,2,50.00%,1.50,00:00:02,0.00%,0,$0.00
The Villages,United States,2,100.00%,2,100.00%,1.00,00:00:00,0.00%,0,$0.00
Thessaloniki,Greece,2,100.00%,2,50.00%,6.50,00:00:00,0.00%,0,$0.00
Vilnius,Lithuania,2,100.00%,2,50.00%,6.50,00:00:00,0.00%,0,$0.00
San Juan,Puerto Rico,2,100.00%,2,100.00%,1.00,00:00:00,0.00%,0,$0.00
(not set),Argentina,1,100.00%,1,100.00%,1.00,00:00:00,0.00%,0,$0.00
(not set),Azerbaijan,1,100.00%,1,100.00%,1.00,00:00:00,0.00%,0,$0.00
(not set),Bangladesh,1,100.00%,1,100.00%,1.00,00:00:00,0.00%,0,$0.00
(not set),Bolivia,1,100.00%,1,100.00%,1.00,00:00:00,0.00%,0,$0.00
(not set),Bahamas,1,100.00%,1,0.00%,2.00,00:00:00,0.00%,0,$0.00
(not set),Cameroon,1,100.00%,1,100.00%,1.00,00:00:00,0.00%,0,$0.00
(not set),Cyprus,1,100.00%,1,100.00%,1.00,00:00:00,0.00%,0,$0.00
(not set),Ecuador,1,100.00%,1,100.00%,1.00,00:00:00,0.00%,0,$0.00
(not set),Egypt,1,100.00%,1,100.00%,1.00,00:00:00,0.00%,0,$0.00
(not set),French Guiana,1,100.00%,1,0.00%,2.00,00:00:00,0.00%,0,$0.00
(not set),Greece,1,100.00%,1,0.00%,2.00,00:00:01,0.00%,0,$0.00
(not set),Guam,1,100.00%,1,100.00%,1.00,00:00:00,0.00%,0,$0.00
(not set),Hong Kong,1,100.00%,1,100.00%,1.00,00:00:00,0.00%,0,$0.00
(not set),Ireland,1,100.00%,1,0.00%,2.00,00:00:01,0.00%,0,$0.00
(not set),Kazakhstan,1,100.00%,1,100.00%,1.00,00:00:00,0.00%,0,$0.00
(not set),Mexico,1,100.00%,1,100.00%,1.00,00:00:00,0.00%,0,$0.00
(not set),Mozambique,1,100.00%,1,0.00%,0.00,00:00:00,0.00%,0,$0.00
(not set),Namibia,1,100.00%,1,100.00%,1.00,00:00:00,0.00%,0,$0.00
(not set),Netherlands,1,100.00%,1,0.00%,2.00,00:00:00,0.00%,0,$0.00
(not set),Peru,1,100.00%,1,0.00%,2.00,00:00:02,0.00%,0,$0.00
(not set),Palestine,1,100.00%,1,0.00%,2.00,00:00:01,0.00%,0,$0.00
(not set),Portugal,1,100.00%,1,100.00%,1.00,00:00:00,0.00%,0,$0.00
(not set),Romania,1,100.00%,1,0.00%,2.00,00:00:00,0.00%,0,$0.00
(not set),Serbia,1,100.00%,1,100.00%,1.00,00:00:00,0.00%,0,$0.00
(not set),Thailand,1,100.00%,1,0.00%,2.00,00:00:00,0.00%,0,$0.00
(not set),Tanzania,1,100.00%,1,0.00%,0.00,00:00:00,0.00%,0,$0.00
(not set),Uruguay,1,100.00%,1,100.00%,1.00,00:00:00,0.00%,0,$0.00
Oranjestad,Aruba,1,100.00%,1,0.00%,2.00,00:00:00,0.00%,0,$0.00
Abu Dhabi,United Arab Emirates,1,100.00%,1,100.00%,1.00,00:00:00,0.00%,0,$0.00
Posadas,Argentina,1,100.00%,1,100.00%,1.00,00:00:00,0.00%,0,$0.00
Rosario,Argentina,1,100.00%,1,0.00%,2.00,00:00:00,0.00%,0,$0.00
San Miguel de Tucuman,Argentina,1,100.00%,1,100.00%,1.00,00:00:00,0.00%,0,$0.00
Gladstone,Australia,1,100.00%,1,100.00%,1.00,00:00:00,0.00%,0,$0.00
Maryborough,Australia,1,100.00%,1,100.00%,1.00,00:00:00,0.00%,0,$0.00
Townsville,Australia,1,100.00%,1,100.00%,1.00,00:00:00,0.00%,0,$0.00
Hobart,Australia,1,100.00%,1,0.00%,2.00,00:00:00,0.00%,0,$0.00
Horsham,Australia,1,100.00%,1,100.00%,1.00,00:00:00,0.00%,0,$0.00
Central Coast,Australia,1,100.00%,1,100.00%,1.00,00:00:00,0.00%,0,$0.00
Warrnambool,Australia,1,100.00%,1,100.00%,1.00,00:00:00,0.00%,0,$0.00
Gold Coast,Australia,1,100.00%,1,100.00%,1.00,00:00:00,0.00%,0,$0.00
Klagenfurt,Austria,1,100.00%,1,100.00%,1.00,00:00:00,0.00%,0,$0.00
Villach,Austria,1,100.00%,1,100.00%,1.00,00:00:00,0.00%,0,$0.00
Hollabrunn,Austria,1,100.00%,1,100.00%,1.00,00:00:00,0.00%,0,$0.00
Graz,Austria,1,100.00%,1,100.00%,1.00,00:00:00,0.00%,0,$0.00
Kitzbuhel,Austria,1,100.00%,1,100.00%,1.00,00:00:00,0.00%,0,$0.00
Schaerbeek,Belgium,1,100.00%,1,100.00%,1.00,00:00:00,0.00%,0,$0.00
Turnhout,Belgium,1,100.00%,1,100.00%,1.00,00:00:00,0.00%,0,$0.00
Nivelles,Belgium,1,100.00%,1,100.00%,1.00,00:00:00,0.00%,0,$0.00
Mons,Belgium,1,100.00%,1,100.00%,1.00,00:00:00,0.00%,0,$0.00
Sofia,Bulgaria,1,100.00%,1,0.00%,8.00,00:01:18,0.00%,0,$0.00
Plovdiv,Bulgaria,1,100.00%,1,0.00%,2.00,00:00:00,0.00%,0,$0.00
Ruse,Bulgaria,1,100.00%,1,0.00%,2.00,00:00:00,0.00%,0,$0.00
Minsk,Belarus,1,100.00%,1,100.00%,1.00,00:00:00,0.00%,0,$0.00
Feira de Santana,Brazil,1,100.00%,1,0.00%,6.00,00:04:43,0.00%,0,$0.00
Vila Velha,Brazil,1,100.00%,1,0.00%,2.00,00:00:01,0.00%,0,$0.00
Sao Joao del Rei,Brazil,1,100.00%,1,0.00%,2.00,00:00:04,0.00%,0,$0.00
Uberaba,Brazil,1,100.00%,1,0.00%,2.00,00:00:00,0.00%,0,$0.00
Cuiaba,Brazil,1,100.00%,1,0.00%,2.00,00:00:00,0.00%,0,$0.00
Cascavel,Brazil,1,100.00%,1,0.00%,2.00,00:00:40,0.00%,0,$0.00
Novo Hamburgo,Brazil,1,0.00%,0,100.00%,1.00,00:00:00,0.00%,0,$0.00
Blumenau,Brazil,1,100.00%,1,100.00%,1.00,00:00:00,0.00%,0,$0.00
Curitibanos,Brazil,1,100.00%,1,0.00%,2.00,00:00:00,0.00%,0,$0.00
Itajai,Brazil,1,100.00%,1,100.00%,1.00,00:00:00,0.00%,0,$0.00
Navegantes,Brazil,1,100.00%,1,0.00%,8.00,00:00:59,0.00%,0,$0.00
Barueri,Brazil,1,100.00%,1,0.00%,0.00,00:00:00,0.00%,0,$0.00
Jundiai,Brazil,1,100.00%,1,100.00%,1.00,00:00:00,0.00%,0,$0.00
Marilia,Brazil,1,100.00%,1,0.00%,2.00,00:00:00,0.00%,0,$0.00
Mococa,Brazil,1,100.00%,1,0.00%,2.00,00:00:00,0.00%,0,$0.00
Mogi Guacu,Brazil,1,100.00%,1,0.00%,10.00,00:00:01,0.00%,0,$0.00
Presidente Prudente,Brazil,1,100.00%,1,0.00%,5.00,00:00:51,0.00%,0,$0.00
Santos,Brazil,1,100.00%,1,0.00%,2.00,00:00:00,0.00%,0,$0.00
Sao Jose do Rio Preto,Brazil,1,100.00%,1,0.00%,2.00,00:00:00,0.00%,0,$0.00
Sao Jose dos Campos,Brazil,1,100.00%,1,0.00%,2.00,00:00:00,0.00%,0,$0.00
Bandar Seri Begawan,Brunei,1,100.00%,1,100.00%,1.00,00:00:00,0.00%,0,$0.00
Kamloops,Canada,1,100.00%,1,100.00%,1.00,00:00:00,0.00%,0,$0.00
North Vancouver,Canada,1,100.00%,1,100.00%,1.00,00:00:00,0.00%,0,$0.00
Winnipeg,Canada,1,100.00%,1,0.00%,4.00,00:00:00,0.00%,0,$0.00
Sackville,Canada,1,100.00%,1,100.00%,1.00,00:00:00,0.00%,0,$0.00
Tracadie-Sheila,Canada,1,100.00%,1,0.00%,2.00,00:06:40,0.00%,0,$0.00
Bridgewater,Canada,1,100.00%,1,0.00%,2.00,00:01:00,0.00%,0,$0.00
Dartmouth,Canada,1,100.00%,1,0.00%,2.00,00:00:00,0.00%,0,$0.00
Halifax,Canada,1,100.00%,1,0.00%,2.00,00:00:00,0.00%,0,$0.00
Sydney,Canada,1,100.00%,1,0.00%,2.00,00:00:00,0.00%,0,$0.00
Belleville,Canada,1,100.00%,1,0.00%,2.00,00:00:00,0.00%,0,$0.00
Brockville,Canada,1,100.00%,1,0.00%,2.00,00:00:00,0.00%,0,$0.00
Burlington,Canada,1,100.00%,1,0.00%,2.00,00:00:00,0.00%,0,$0.00
Hamilton,Canada,1,100.00%,1,0.00%,2.00,00:00:00,0.00%,0,$0.00
Markham,Canada,1,100.00%,1,0.00%,2.00,00:00:00,0.00%,0,$0.00
Niagara Falls,Canada,1,100.00%,1,0.00%,2.00,00:00:00,0.00%,0,$0.00
North Bay,Canada,1,100.00%,1,0.00%,2.00,00:00:00,0.00%,0,$0.00
Oshawa,Canada,1,100.00%,1,0.00%,4.00,00:00:05,0.00%,0,$0.00
Ottawa,Canada,1,100.00%,1,0.00%,2.00,00:00:00,0.00%,0,$0.00
Thorold,Canada,1,100.00%,1,100.00%,1.00,00:00:00,0.00%,0,$0.00
Vaughan,Canada,1,100.00%,1,100.00%,1.00,00:00:00,0.00%,0,$0.00
Whitby,Canada,1,100.00%,1,0.00%,4.00,00:00:36,0.00%,0,$0.00
Windsor,Canada,1,100.00%,1,0.00%,2.00,00:00:00,0.00%,0,$0.00
Boucherville,Canada,1,100.00%,1,0.00%,2.00,00:00:00,0.00%,0,$0.00
Gatineau,Canada,1,100.00%,1,0.00%,2.00,00:00:00,0.00%,0,$0.00
Joliette,Canada,1,100.00%,1,100.00%,1.00,00:00:00,0.00%,0,$0.00
L'Assomption,Canada,1,100.00%,1,100.00%,1.00,00:00:00,0.00%,0,$0.00
Bern,Switzerland,1,100.00%,1,100.00%,1.00,00:00:00,0.00%,0,$0.00
Solothurn,Switzerland,1,100.00%,1,100.00%,1.00,00:00:00,0.00%,0,$0.00
Lausanne,Switzerland,1,100.00%,1,100.00%,1.00,00:00:00,0.00%,0,$0.00
Zug,Switzerland,1,100.00%,1,100.00%,1.00,00:00:00,0.00%,0,$0.00
Dubendorf,Switzerland,1,100.00%,1,100.00%,1.00,00:00:00,0.00%,0,$0.00
Uster,Switzerland,1,100.00%,1,100.00%,1.00,00:00:00,0.00%,0,$0.00
Temuco,Chile,1,100.00%,1,100.00%,1.00,00:00:00,0.00%,0,$0.00
Shijiazhuang,China,1,100.00%,1,100.00%,1.00,00:00:00,0.00%,0,$0.00
Hanzhong,China,1,100.00%,1,100.00%,1.00,00:00:00,0.00%,0,$0.00
Dalian,China,1,100.00%,1,0.00%,2.00,00:10:00,0.00%,0,$0.00
Changzhou,China,1,100.00%,1,100.00%,1.00,00:00:00,0.00%,0,$0.00
Jinhua,China,1,100.00%,1,100.00%,1.00,00:00:00,0.00%,0,$0.00
Anqing,China,1,100.00%,1,100.00%,1.00,00:00:00,0.00%,0,$0.00
Bengbu,China,1,100.00%,1,100.00%,1.00,00:00:00,0.00%,0,$0.00
Wuhu,China,1,100.00%,1,100.00%,1.00,00:00:00,0.00%,0,$0.00
Xuancheng,China,1,100.00%,1,100.00%,1.00,00:00:00,0.00%,0,$0.00
Ganzhou,China,1,100.00%,1,100.00%,1.00,00:00:00,0.00%,0,$0.00
Linyi,China,1,100.00%,1,100.00%,1.00,00:00:00,0.00%,0,$0.00
Qingdao,China,1,100.00%,1,100.00%,1.00,00:00:00,0.00%,0,$0.00
Weifang,China,1,100.00%,1,100.00%,1.00,00:00:00,0.00%,0,$0.00
Luoyang,China,1,100.00%,1,100.00%,1.00,00:00:00,0.00%,0,$0.00
Xinyang,China,1,100.00%,1,100.00%,1.00,00:00:00,0.00%,0,$0.00
Huanggang,China,1,100.00%,1,100.00%,1.00,00:00:00,0.00%,0,$0.00
Huangshi,China,1,100.00%,1,100.00%,1.00,00:00:00,0.00%,0,$0.00
Xiaogan,China,1,100.00%,1,100.00%,1.00,00:00:00,0.00%,0,$0.00
Changde,China,1,100.00%,1,100.00%,1.00,00:00:00,0.00%,0,$0.00
Hengyang,China,1,100.00%,1,0.00%,2.00,00:00:40,0.00%,0,$0.00
Huaihua,China,1,100.00%,1,100.00%,1.00,00:00:00,0.00%,0,$0.00
Xiangtan,China,1,100.00%,1,100.00%,1.00,00:00:00,0.00%,0,$0.00
Zhuzhou,China,1,100.00%,1,100.00%,1.00,00:00:00,0.00%,0,$0.00
Huizhou,China,1,100.00%,1,100.00%,1.00,00:00:00,0.00%,0,$0.00
Qingyuan,China,1,100.00%,1,100.00%,1.00,00:00:00,0.00%,0,$0.00
Zhaoqing,China,1,100.00%,1,0.00%,2.00,00:01:08,0.00%,0,$0.00
Guilin,China,1,100.00%,1,100.00%,1.00,00:00:00,0.00%,0,$0.00
Haikou,China,1,100.00%,1,100.00%,1.00,00:00:00,0.00%,0,$0.00
Deyang,China,1,100.00%,1,100.00%,1.00,00:00:00,0.00%,0,$0.00
Luzhou,China,1,100.00%,1,0.00%,2.00,00:01:53,0.00%,0,$0.00
Kunming,China,1,100.00%,1,100.00%,1.00,00:00:00,0.00%,0,$0.00
Yuxi,China,1,100.00%,1,100.00%,1.00,00:00:00,0.00%,0,$0.00
Baoji,China,1,100.00%,1,100.00%,1.00,00:00:00,0.00%,0,$0.00
Lanzhou,China,1,100.00%,1,0.00%,2.00,00:06:40,0.00%,0,$0.00
Yinchuan,China,1,100.00%,1,100.00%,1.00,00:00:00,0.00%,0,$0.00
Medellin,Colombia,1,100.00%,1,0.00%,2.00,00:05:00,0.00%,0,$0.00
Bucaramanga,Colombia,1,100.00%,1,0.00%,2.00,00:05:00,0.00%,0,$0.00
Brno,Czech Republic,1,100.00%,1,100.00%,1.00,00:00:00,0.00%,0,$0.00
Prostejov,Czech Republic,1,100.00%,1,0.00%,14.00,00:00:00,0.00%,0,$0.00
Karvina,Czech Republic,1,100.00%,1,100.00%,1.00,00:00:00,0.00%,0,$0.00
Bremerhaven,Germany,1,100.00%,1,100.00%,1.00,00:00:00,0.00%,0,$0.00
Frankfurt an der Oder,Germany,1,100.00%,1,0.00%,2.00,00:00:00,0.00%,0,$0.00
Boblingen,Germany,1,100.00%,1,0.00%,2.00,00:02:00,0.00%,0,$0.00
Freiburg,Germany,1,100.00%,1,0.00%,6.00,00:00:28,0.00%,0,$0.00
Waiblingen,Germany,1,100.00%,1,100.00%,1.00,00:00:00,0.00%,0,$0.00
Prien am Chiemsee,Germany,1,100.00%,1,100.00%,1.00,00:00:00,0.00%,0,$0.00
Bremen,Germany,1,100.00%,1,100.00%,1.00,00:00:00,0.00%,0,$0.00
Darmstadt,Germany,1,100.00%,1,100.00%,1.00,00:00:00,0.00%,0,$0.00
Giessen,Germany,1,100.00%,1,100.00%,1.00,00:00:00,0.00%,0,$0.00
Kassel,Germany,1,100.00%,1,100.00%,1.00,00:00:00,0.00%,0,$0.00
Weiterstadt,Germany,1,100.00%,1,100.00%,1.00,00:00:00,0.00%,0,$0.00
Brunswick,Germany,1,100.00%,1,0.00%,10.00,00:00:00,0.00%,0,$0.00
Oldenburg,Germany,1,100.00%,1,100.00%,1.00,00:00:00,0.00%,0,$0.00
Wolfsburg,Germany,1,100.00%,1,100.00%,1.00,00:00:00,0.00%,0,$0.00
Bonn,Germany,1,100.00%,1,0.00%,2.00,00:00:00,0.00%,0,$0.00
Duisburg,Germany,1,100.00%,1,100.00%,1.00,00:00:00,0.00%,0,$0.00
Eschweiler,Germany,1,100.00%,1,0.00%,2.00,00:01:45,0.00%,0,$0.00
Essen,Germany,1,100.00%,1,100.00%,1.00,00:00:00,0.00%,0,$0.00
Gutersloh,Germany,1,100.00%,1,100.00%,1.00,00:00:00,0.00%,0,$0.00
Hamm,Germany,1,100.00%,1,0.00%,2.00,00:00:00,0.00%,0,$0.00
Kleve,Germany,1,100.00%,1,100.00%,1.00,00:00:00,0.00%,0,$0.00
Paderborn,Germany,1,100.00%,1,100.00%,1.00,00:00:00,0.00%,0,$0.00
Schwerte,Germany,1,100.00%,1,0.00%,0.00,00:00:00,0.00%,0,$0.00
Solingen,Germany,1,0.00%,0,0.00%,4.00,00:00:35,0.00%,0,$0.00
Mainz,Germany,1,100.00%,1,100.00%,1.00,00:00:00,0.00%,0,$0.00
Flensburg,Germany,1,100.00%,1,100.00%,1.00,00:00:00,0.00%,0,$0.00
Leipzig,Germany,1,100.00%,1,100.00%,1.00,00:00:00,0.00%,0,$0.00
Erfurt,Germany,1,100.00%,1,100.00%,1.00,00:00:00,0.00%,0,$0.00
Hermsdorf,Germany,1,100.00%,1,100.00%,1.00,00:00:00,0.00%,0,$0.00
Roskilde,Denmark,1,100.00%,1,0.00%,0.00,00:00:00,0.00%,0,$0.00
Aarhus,Denmark,1,100.00%,1,0.00%,6.00,00:00:24,0.00%,0,$0.00
Santo Domingo,Dominican Republic,1,100.00%,1,0.00%,2.00,00:00:01,0.00%,0,$0.00
Biskra,Algeria,1,100.00%,1,0.00%,2.00,00:00:00,0.00%,0,$0.00
Granada,Spain,1,100.00%,1,0.00%,0.00,00:00:00,0.00%,0,$0.00
Sabadell,Spain,1,100.00%,1,100.00%,1.00,00:00:00,0.00%,0,$0.00
Bilbao,Spain,1,100.00%,1,100.00%,1.00,00:00:00,0.00%,0,$0.00
Aranda de Duero,Spain,1,100.00%,1,100.00%,1.00,00:00:00,0.00%,0,$0.00
Las Palmas de Gran Canaria,Spain,1,100.00%,1,0.00%,2.00,00:00:00,0.00%,0,$0.00
A Coruna,Spain,1,100.00%,1,100.00%,1.00,00:00:00,0.00%,0,$0.00
San Cristobal de La Laguna,Spain,1,100.00%,1,100.00%,1.00,00:00:00,0.00%,0,$0.00
Castellon de la Plana,Spain,1,100.00%,1,0.00%,2.00,00:00:00,0.00%,0,$0.00
Valencia,Spain,1,100.00%,1,100.00%,1.00,00:00:00,0.00%,0,$0.00
Zaragoza,Spain,1,100.00%,1,100.00%,1.00,00:00:00,0.00%,0,$0.00
Espoo,Finland,1,0.00%,0,100.00%,1.00,00:00:00,0.00%,0,$0.00
Helsinki,Finland,1,100.00%,1,100.00%,1.00,00:00:00,0.00%,0,$0.00
Vantaa,Finland,1,100.00%,1,100.00%,1.00,00:00:00,0.00%,0,$0.00
Kemi,Finland,1,100.00%,1,0.00%,0.00,00:00:00,0.00%,0,$0.00
Vora,Finland,1,100.00%,1,100.00%,1.00,00:00:00,0.00%,0,$0.00
Bordeaux,France,1,100.00%,1,100.00%,1.00,00:00:00,0.00%,0,$0.00
Clermont-Ferrand,France,1,100.00%,1,0.00%,2.00,00:00:00,0.00%,0,$0.00
Auxerre,France,1,100.00%,1,100.00%,1.00,00:00:00,0.00%,0,$0.00
Dijon,France,1,100.00%,1,100.00%,1.00,00:00:00,0.00%,0,$0.00
Brest,France,1,100.00%,1,100.00%,1.00,00:00:00,0.00%,0,$0.00
Besancon,France,1,100.00%,1,100.00%,1.00,00:00:00,0.00%,0,$0.00
Argenteuil,France,1,100.00%,1,100.00%,1.00,00:00:00,0.00%,0,$0.00
Asnieres-sur-Seine,France,1,100.00%,1,0.00%,3.00,00:00:18,0.00%,0,$0.00
Cachan,France,1,100.00%,1,100.00%,1.00,00:00:00,0.00%,0,$0.00
Gif-sur-Yvette,France,1,100.00%,1,0.00%,2.00,00:08:20,0.00%,0,$0.00
Rueil-Malmaison,France,1,100.00%,1,100.00%,1.00,00:00:00,0.00%,0,$0.00
Montpellier,France,1,100.00%,1,100.00%,1.00,00:00:00,0.00%,0,$0.00
Auch,France,1,100.00%,1,100.00%,1.00,00:00:00,0.00%,0,$0.00
Blagnac,France,1,100.00%,1,100.00%,1.00,00:00:00,0.00%,0,$0.00
Toulouse,France,1,100.00%,1,0.00%,2.00,00:01:28,0.00%,0,$0.00
Lens,France,1,100.00%,1,0.00%,2.00,00:00:01,0.00%,0,$0.00
Caen,France,1,100.00%,1,100.00%,1.00,00:00:00,0.00%,0,$0.00
Rouen,France,1,100.00%,1,100.00%,1.00,00:00:00,0.00%,0,$0.00
Angers,France,1,0.00%,0,100.00%,1.00,00:00:00,0.00%,0,$0.00
La Rochelle,France,1,100.00%,1,0.00%,2.00,00:05:00,0.00%,0,$0.00
Cannes,France,1,100.00%,1,100.00%,1.00,00:00:00,0.00%,0,$0.00
Nice,France,1,0.00%,0,100.00%,1.00,00:00:00,0.00%,0,$0.00
Villefranche-sur-Saone,France,1,100.00%,1,0.00%,12.00,00:00:00,0.00%,0,$0.00
Bath,United Kingdom,1,100.00%,1,0.00%,4.00,00:00:25,0.00%,0,$0.00
Bolton,United Kingdom,1,100.00%,1,0.00%,2.00,00:00:00,0.00%,0,$0.00
Brighton,United Kingdom,1,100.00%,1,100.00%,1.00,00:00:00,0.00%,0,$0.00
Camberley,United Kingdom,1,100.00%,1,100.00%,1.00,00:00:00,0.00%,0,$0.00
Cambridge,United Kingdom,1,100.00%,1,100.00%,1.00,00:00:00,0.00%,0,$0.00
Carlisle,United Kingdom,1,100.00%,1,0.00%,15.00,00:09:52,0.00%,0,$0.00
Coventry,United Kingdom,1,100.00%,1,0.00%,0.00,00:00:00,0.00%,0,$0.00
Crawley,United Kingdom,1,100.00%,1,0.00%,2.00,00:01:43,0.00%,0,$0.00
Croydon,United Kingdom,1,100.00%,1,100.00%,1.00,00:00:00,0.00%,0,$0.00
Eastbourne,United Kingdom,1,100.00%,1,100.00%,1.00,00:00:00,0.00%,0,$0.00
Folkestone,United Kingdom,1,100.00%,1,0.00%,2.00,00:00:00,0.00%,0,$0.00
Harrogate,United Kingdom,1,100.00%,1,100.00%,1.00,00:00:00,0.00%,0,$0.00
Hastings,United Kingdom,1,100.00%,1,0.00%,2.00,00:00:00,0.00%,0,$0.00
High Wycombe,United Kingdom,1,100.00%,1,0.00%,2.00,00:00:01,0.00%,0,$0.00
Kenilworth,United Kingdom,1,100.00%,1,100.00%,1.00,00:00:00,0.00%,0,$0.00
Lakenheath,United Kingdom,1,100.00%,1,100.00%,1.00,00:00:00,0.00%,0,$0.00
Loughborough,United Kingdom,1,100.00%,1,100.00%,1.00,00:00:00,0.00%,0,$0.00
Middlesbrough,United Kingdom,1,100.00%,1,0.00%,2.00,00:00:00,0.00%,0,$0.00
Newcastle upon Tyne,United Kingdom,1,100.00%,1,0.00%,4.00,00:00:54,0.00%,0,$0.00
Nottingham,United Kingdom,1,100.00%,1,100.00%,1.00,00:00:00,0.00%,0,$0.00
Plymouth,United Kingdom,1,100.00%,1,100.00%,1.00,00:00:00,0.00%,0,$0.00
Portsmouth,United Kingdom,1,100.00%,1,100.00%,1.00,00:00:00,0.00%,0,$0.00
Royal Tunbridge Wells,United Kingdom,1,100.00%,1,100.00%,1.00,00:00:00,0.00%,0,$0.00
Sedlescombe,United Kingdom,1,100.00%,1,0.00%,2.00,00:00:00,0.00%,0,$0.00
Southport,United Kingdom,1,100.00%,1,100.00%,1.00,00:00:00,0.00%,0,$0.00
Stamford,United Kingdom,1,100.00%,1,0.00%,2.00,00:00:00,0.00%,0,$0.00
Stoke-on-Trent,United Kingdom,1,100.00%,1,0.00%,3.00,00:00:27,0.00%,0,$0.00
Tamworth,United Kingdom,1,100.00%,1,100.00%,1.00,00:00:00,0.00%,0,$0.00
Taunton,United Kingdom,1,100.00%,1,0.00%,6.00,00:02:08,0.00%,0,$0.00
Wallingford,United Kingdom,1,100.00%,1,100.00%,1.00,00:00:00,0.00%,0,$0.00
Watford,United Kingdom,1,100.00%,1,100.00%,1.00,00:00:00,0.00%,0,$0.00
Wokingham,United Kingdom,1,100.00%,1,0.00%,0.00,00:00:00,0.00%,0,$0.00
York,United Kingdom,1,100.00%,1,100.00%,1.00,00:00:00,0.00%,0,$0.00
Belfast,United Kingdom,1,100.00%,1,0.00%,2.00,00:00:00,0.00%,0,$0.00
Lurgan,United Kingdom,1,100.00%,1,0.00%,2.00,00:00:00,0.00%,0,$0.00
Aberdeen,United Kingdom,1,100.00%,1,0.00%,2.00,00:00:00,0.00%,0,$0.00
Clydebank,United Kingdom,1,100.00%,1,0.00%,2.00,00:00:00,0.00%,0,$0.00
Greenock,United Kingdom,1,100.00%,1,0.00%,4.00,00:00:04,0.00%,0,$0.00
Hamilton,United Kingdom,1,100.00%,1,0.00%,2.00,00:00:00,0.00%,0,$0.00
Kirkcaldy,United Kingdom,1,100.00%,1,0.00%,4.00,00:01:41,0.00%,0,$0.00
Wrexham,United Kingdom,1,100.00%,1,0.00%,2.00,00:00:00,0.00%,0,$0.00
Tbilisi,Georgia,1,100.00%,1,0.00%,2.00,00:00:00,0.00%,0,$0.00
Accra,Ghana,1,100.00%,1,0.00%,0.00,00:00:00,0.00%,0,$0.00
Zagreb,Croatia,1,100.00%,1,100.00%,1.00,00:00:00,0.00%,0,$0.00
Split,Croatia,1,100.00%,1,100.00%,1.00,00:00:00,0.00%,0,$0.00
Godollo,Hungary,1,100.00%,1,0.00%,0.00,00:00:00,0.00%,0,$0.00
Tangerang,Indonesia,1,100.00%,1,100.00%,1.00,00:00:00,0.00%,0,$0.00
Malang,Indonesia,1,100.00%,1,100.00%,1.00,00:00:00,0.00%,0,$0.00
Pekanbaru,Indonesia,1,100.00%,1,0.00%,2.00,00:00:02,0.00%,0,$0.00
Patna,India,1,100.00%,1,100.00%,1.00,00:00:00,0.00%,0,$0.00
Kochi,India,1,100.00%,1,100.00%,1.00,00:00:00,0.00%,0,$0.00
Thiruvananthapuram,India,1,100.00%,1,0.00%,2.00,00:01:12,0.00%,0,$0.00
Nagpur,India,1,100.00%,1,100.00%,1.00,00:00:00,0.00%,0,$0.00
Bhubaneshwar,India,1,100.00%,1,100.00%,1.00,00:00:00,0.00%,0,$0.00
Amritsar,India,1,100.00%,1,100.00%,1.00,00:00:00,0.00%,0,$0.00
Coimbatore,India,1,100.00%,1,100.00%,1.00,00:00:00,0.00%,0,$0.00
Kanpur,India,1,100.00%,1,100.00%,1.00,00:00:00,0.00%,0,$0.00
Noida,India,1,100.00%,1,100.00%,1.00,00:00:00,0.00%,0,$0.00
Cork,Ireland,1,100.00%,1,0.00%,2.00,00:00:00,0.00%,0,$0.00
Clonmel,Ireland,1,100.00%,1,100.00%,1.00,00:00:00,0.00%,0,$0.00
Waterford,Ireland,1,100.00%,1,100.00%,1.00,00:00:00,0.00%,0,$0.00
Haifa,Israel,1,0.00%,0,100.00%,1.00,00:00:00,0.00%,0,$0.00
Rishon LeTsiyon,Israel,1,100.00%,1,0.00%,6.00,00:00:57,0.00%,0,$0.00
Or Yehuda,Israel,1,100.00%,1,0.00%,2.00,00:00:01,0.00%,0,$0.00
Ramat Gan,Israel,1,100.00%,1,100.00%,1.00,00:00:00,0.00%,0,$0.00
Bergamo,Italy,1,100.00%,1,100.00%,1.00,00:00:00,0.00%,0,$0.00
Brindisi,Italy,1,100.00%,1,0.00%,2.00,00:00:00,0.00%,0,$0.00
Cagliari,Italy,1,100.00%,1,0.00%,2.00,00:00:00,0.00%,0,$0.00
Cremona,Italy,1,100.00%,1,100.00%,1.00,00:00:00,0.00%,0,$0.00
Cosenza,Italy,1,100.00%,1,0.00%,2.00,00:00:00,0.00%,0,$0.00
Argenta,Italy,1,100.00%,1,100.00%,1.00,00:00:00,0.00%,0,$0.00
Florence,Italy,1,100.00%,1,100.00%,1.00,00:00:00,0.00%,0,$0.00
Sesto Fiorentino,Italy,1,100.00%,1,100.00%,1.00,00:00:00,0.00%,0,$0.00
Forli,Italy,1,100.00%,1,100.00%,1.00,00:00:00,0.00%,0,$0.00
Genoa,Italy,1,100.00%,1,100.00%,1.00,00:00:00,0.00%,0,$0.00
Lecce,Italy,1,100.00%,1,100.00%,1.00,00:00:00,0.00%,0,$0.00
Fondi,Italy,1,100.00%,1,100.00%,1.00,00:00:00,0.00%,0,$0.00
Taormina,Italy,1,100.00%,1,100.00%,1.00,00:00:00,0.00%,0,$0.00
Cassina de' Pecchi,Italy,1,100.00%,1,100.00%,1.00,00:00:00,0.00%,0,$0.00
Naples,Italy,1,100.00%,1,0.00%,2.00,00:06:40,0.00%,0,$0.00
Palermo,Italy,1,100.00%,1,100.00%,1.00,00:00:00,0.00%,0,$0.00
Trebaseleghe,Italy,1,100.00%,1,100.00%,1.00,00:00:00,0.00%,0,$0.00
Parma,Italy,1,100.00%,1,0.00%,12.00,00:00:01,0.00%,0,$0.00
Pistoia,Italy,1,100.00%,1,100.00%,1.00,00:00:00,0.00%,0,$0.00
San Giorgio Ionico,Italy,1,100.00%,1,0.00%,2.00,00:00:01,0.00%,0,$0.00
Udine,Italy,1,100.00%,1,0.00%,2.00,00:00:00,0.00%,0,$0.00
Busto Arsizio,Italy,1,100.00%,1,100.00%,1.00,00:00:00,0.00%,0,$0.00
Kingston,Jamaica,1,100.00%,1,0.00%,2.00,00:00:01,0.00%,0,$0.00
Asahikawa,Japan,1,100.00%,1,100.00%,1.00,00:00:00,0.00%,0,$0.00
Sendai,Japan,1,100.00%,1,0.00%,0.00,00:00:00,0.00%,0,$0.00
Utsunomiya,Japan,1,100.00%,1,100.00%,1.00,00:00:00,0.00%,0,$0.00
Kiryu,Japan,1,100.00%,1,100.00%,1.00,00:00:00,0.00%,0,$0.00
Maebashi,Japan,1,100.00%,1,100.00%,1.00,00:00:00,0.00%,0,$0.00
Funabashi,Japan,1,100.00%,1,100.00%,1.00,00:00:00,0.00%,0,$0.00
Chofu,Japan,1,100.00%,1,0.00%,2.00,00:00:40,0.00%,0,$0.00
Hachioji,Japan,1,100.00%,1,100.00%,1.00,00:00:00,0.00%,0,$0.00
Katsushika,Japan,1,100.00%,1,100.00%,1.00,00:00:00,0.00%,0,$0.00
Koganei,Japan,1,100.00%,1,100.00%,1.00,00:00:00,0.00%,0,$0.00
Meguro,Japan,1,100.00%,1,100.00%,1.00,00:00:00,0.00%,0,$0.00
Nerima,Japan,1,100.00%,1,0.00%,0.00,00:00:00,0.00%,0,$0.00
Kawasaki,Japan,1,100.00%,1,100.00%,1.00,00:00:00,0.00%,0,$0.00
Odawara,Japan,1,100.00%,1,100.00%,1.00,00:00:00,0.00%,0,$0.00
Iida,Japan,1,100.00%,1,100.00%,1.00,00:00:00,0.00%,0,$0.00
Hamamatsu,Japan,1,100.00%,1,100.00%,1.00,00:00:00,0.00%,0,$0.00
Shizuoka,Japan,1,100.00%,1,100.00%,1.00,00:00:00,0.00%,0,$0.00
Handa,Japan,1,100.00%,1,100.00%,1.00,00:00:00,0.00%,0,$0.00
Kyoto,Japan,1,100.00%,1,100.00%,1.00,00:00:00,0.00%,0,$0.00
Muko,Japan,1,100.00%,1,100.00%,1.00,00:00:00,0.00%,0,$0.00
Kurashiki,Japan,1,100.00%,1,100.00%,1.00,00:00:00,0.00%,0,$0.00
Niimi,Japan,1,100.00%,1,100.00%,1.00,00:00:00,0.00%,0,$0.00
Okayama,Japan,1,100.00%,1,100.00%,1.00,00:00:00,0.00%,0,$0.00
Ube,Japan,1,100.00%,1,0.00%,2.00,00:08:20,0.00%,0,$0.00
Kitakyushu,Japan,1,100.00%,1,100.00%,1.00,00:00:00,0.00%,0,$0.00
Omuta,Japan,1,100.00%,1,100.00%,1.00,00:00:00,0.00%,0,$0.00
Kashima,Japan,1,100.00%,1,100.00%,1.00,00:00:00,0.00%,0,$0.00
Oita,Japan,1,100.00%,1,100.00%,1.00,00:00:00,0.00%,0,$0.00
Pavlodar,Kazakhstan,1,100.00%,1,100.00%,1.00,00:00:00,0.00%,0,$0.00
Nairobi,Kenya,1,100.00%,1,100.00%,1.00,00:00:00,0.00%,0,$0.00
Cheonan-si,South Korea,1,100.00%,1,100.00%,1.00,00:00:00,0.00%,0,$0.00
Chungju-si,South Korea,1,100.00%,1,100.00%,1.00,00:00:00,0.00%,0,$0.00
Pohang-si,South Korea,1,100.00%,1,100.00%,1.00,00:00:00,0.00%,0,$0.00
Pyeongtaek-si,South Korea,1,100.00%,1,100.00%,1.00,00:00:00,0.00%,0,$0.00
Seongnam-si,South Korea,1,100.00%,1,100.00%,1.00,00:00:00,0.00%,0,$0.00
Suncheon-si,South Korea,1,100.00%,1,100.00%,1.00,00:00:00,0.00%,0,$0.00
Uiwang-si,South Korea,1,100.00%,1,100.00%,1.00,00:00:00,0.00%,0,$0.00
Ulsan,South Korea,1,100.00%,1,100.00%,1.00,00:00:00,0.00%,0,$0.00
Wonju-si,South Korea,1,100.00%,1,100.00%,1.00,00:00:00,0.00%,0,$0.00
Yangsan-si,South Korea,1,100.00%,1,100.00%,1.00,00:00:00,0.00%,0,$0.00
Yongin-si,South Korea,1,100.00%,1,100.00%,1.00,00:00:00,0.00%,0,$0.00
Kuwait City,Kuwait,1,100.00%,1,100.00%,1.00,00:00:00,0.00%,0,$0.00
Vilnius,Lithuania,1,100.00%,1,0.00%,2.00,00:00:00,0.00%,0,$0.00
Dudelange,Luxembourg,1,100.00%,1,100.00%,1.00,00:00:00,0.00%,0,$0.00
Luxembourg City,Luxembourg,1,100.00%,1,0.00%,2.00,00:00:00,0.00%,0,$0.00
Riga,Latvia,1,100.00%,1,0.00%,2.00,00:00:00,0.00%,0,$0.00
Macau,Macau,1,100.00%,1,100.00%,1.00,00:00:00,0.00%,0,$0.00
Tetouan,Morocco,1,100.00%,1,0.00%,2.00,00:00:00,0.00%,0,$0.00
Chihuahua,Mexico,1,100.00%,1,0.00%,4.00,00:01:21,0.00%,0,$0.00
Ciudad Juarez,Mexico,1,100.00%,1,100.00%,1.00,00:00:00,0.00%,0,$0.00
Torreon,Mexico,1,100.00%,1,100.00%,1.00,00:00:00,0.00%,0,$0.00
Morelia,Mexico,1,100.00%,1,100.00%,1.00,00:00:00,0.00%,0,$0.00
Cancun,Mexico,1,100.00%,1,0.00%,6.00,00:02:08,0.00%,0,$0.00
San Luis Potosi,Mexico,1,100.00%,1,100.00%,1.00,00:00:00,0.00%,0,$0.00
Villahermosa,Mexico,1,100.00%,1,100.00%,1.00,00:00:00,0.00%,0,$0.00
Ciudad Victoria,Mexico,1,100.00%,1,0.00%,13.00,00:00:00,0.00%,0,$0.00
Heroica Veracruz,Mexico,1,100.00%,1,100.00%,1.00,00:00:00,0.00%,0,$0.00
Zacatecas,Mexico,1,100.00%,1,100.00%,1.00,00:00:00,0.00%,0,$0.00
Skopje,Macedonia (FYROM),1,100.00%,1,0.00%,2.00,00:00:00,0.00%,0,$0.00
Ipoh,Malaysia,1,100.00%,1,100.00%,1.00,00:00:00,0.00%,0,$0.00
Kuantan,Malaysia,1,100.00%,1,0.00%,0.00,00:00:00,0.00%,0,$0.00
Petaling Jaya,Malaysia,1,100.00%,1,0.00%,2.00,00:00:00,0.00%,0,$0.00
Port Harcourt,Nigeria,1,100.00%,1,100.00%,1.00,00:00:00,0.00%,0,$0.00
Beilen,Netherlands,1,100.00%,1,100.00%,1.00,00:00:00,0.00%,0,$0.00
Diever,Netherlands,1,100.00%,1,100.00%,1.00,00:00:00,0.00%,0,$0.00
Roden,Netherlands,1,100.00%,1,100.00%,1.00,00:00:00,0.00%,0,$0.00
Drachten,Netherlands,1,100.00%,1,100.00%,1.00,00:00:00,0.00%,0,$0.00
Arnhem,Netherlands,1,100.00%,1,100.00%,1.00,00:00:00,0.00%,0,$0.00
Scherpenzeel,Netherlands,1,100.00%,1,100.00%,1.00,00:00:00,0.00%,0,$0.00
Leek,Netherlands,1,100.00%,1,100.00%,1.00,00:00:00,0.00%,0,$0.00
Rijen,Netherlands,1,100.00%,1,100.00%,1.00,00:00:00,0.00%,0,$0.00
Heemstede,Netherlands,1,100.00%,1,100.00%,1.00,00:00:00,0.00%,0,$0.00
Kampen,Netherlands,1,100.00%,1,0.00%,2.00,00:00:00,0.00%,0,$0.00
Utrecht,Netherlands,1,100.00%,1,0.00%,0.00,00:00:00,0.00%,0,$0.00
Terneuzen,Netherlands,1,100.00%,1,0.00%,2.00,00:00:00,0.00%,0,$0.00
Alphen aan den Rijn,Netherlands,1,100.00%,1,0.00%,2.00,00:00:01,0.00%,0,$0.00
Hellevoetsluis,Netherlands,1,100.00%,1,100.00%,1.00,00:00:00,0.00%,0,$0.00
Wellington,New Zealand,1,100.00%,1,100.00%,1.00,00:00:00,0.00%,0,$0.00
Christchurch,New Zealand,1,100.00%,1,100.00%,1.00,00:00:00,0.00%,0,$0.00
Muscat,Oman,1,100.00%,1,100.00%,1.00,00:00:00,0.00%,0,$0.00
Karachi,Pakistan,1,100.00%,1,100.00%,1.00,00:00:00,0.00%,0,$0.00
Lahore,Pakistan,1,100.00%,1,100.00%,1.00,00:00:00,0.00%,0,$0.00
Rawalpindi,Pakistan,1,100.00%,1,100.00%,1.00,00:00:00,0.00%,0,$0.00
Makati,Philippines,1,100.00%,1,0.00%,2.00,00:01:12,0.00%,0,$0.00
Manila,Philippines,1,100.00%,1,100.00%,1.00,00:00:00,0.00%,0,$0.00
Quezon City,Philippines,1,100.00%,1,0.00%,2.00,00:00:00,0.00%,0,$0.00
Pasig,Philippines,1,100.00%,1,100.00%,1.00,00:00:00,0.00%,0,$0.00
Bydgoszcz,Poland,1,100.00%,1,100.00%,1.00,00:00:00,0.00%,0,$0.00
Lodz,Poland,1,100.00%,1,100.00%,1.00,00:00:00,0.00%,0,$0.00
Lubartow,Poland,1,100.00%,1,100.00%,1.00,00:00:00,0.00%,0,$0.00
Gostynin,Poland,1,100.00%,1,100.00%,1.00,00:00:00,0.00%,0,$0.00
Bialystok,Poland,1,100.00%,1,0.00%,8.00,00:00:00,0.00%,0,$0.00
Katowice,Poland,1,100.00%,1,100.00%,1.00,00:00:00,0.00%,0,$0.00
Ruda Slaska,Poland,1,100.00%,1,100.00%,1.00,00:00:00,0.00%,0,$0.00
Olsztyn,Poland,1,100.00%,1,100.00%,1.00,00:00:00,0.00%,0,$0.00
Coimbra,Portugal,1,100.00%,1,0.00%,2.00,00:00:00,0.00%,0,$0.00
Lisbon,Portugal,1,100.00%,1,100.00%,1.00,00:00:00,0.00%,0,$0.00
Sintra,Portugal,1,100.00%,1,100.00%,1.00,00:00:00,0.00%,0,$0.00
Felgueiras,Portugal,1,100.00%,1,0.00%,2.00,00:00:00,0.00%,0,$0.00
Porto,Portugal,1,100.00%,1,100.00%,1.00,00:00:00,0.00%,0,$0.00
Doha,Qatar,1,100.00%,1,0.00%,2.00,00:00:01,0.00%,0,$0.00
Bucharest,Romania,1,100.00%,1,100.00%,1.00,00:00:00,0.00%,0,$0.00
Rubtsovsk,Russia,1,100.00%,1,100.00%,1.00,00:00:00,0.00%,0,$0.00
Arkhangelsk,Russia,1,0.00%,0,0.00%,2.00,00:02:01,0.00%,0,$0.00
Sterlitamak,Russia,1,100.00%,1,100.00%,1.00,00:00:00,0.00%,0,$0.00
Magnitogorsk,Russia,1,0.00%,0,100.00%,1.00,00:00:00,0.00%,0,$0.00
Angarsk,Russia,1,0.00%,0,100.00%,1.00,00:00:00,0.00%,0,$0.00
Irkutsk,Russia,1,0.00%,0,100.00%,1.00,00:00:00,0.00%,0,$0.00
Ivanovo,Russia,1,0.00%,0,100.00%,1.00,00:00:00,0.00%,0,$0.00
Novokuznetsk,Russia,1,0.00%,0,100.00%,1.00,00:00:00,0.00%,0,$0.00
Kirov,Russia,1,100.00%,1,100.00%,1.00,00:00:00,0.00%,0,$0.00
Kostroma,Russia,1,100.00%,1,100.00%,1.00,00:00:00,0.00%,0,$0.00
Krasnoyarsk,Russia,1,100.00%,1,100.00%,1.00,00:00:00,0.00%,0,$0.00
Lipetsk,Russia,1,0.00%,0,100.00%,1.00,00:00:00,0.00%,0,$0.00
Pushkino,Russia,1,100.00%,1,100.00%,1.00,00:00:00,0.00%,0,$0.00
Sergiev Posad,Russia,1,0.00%,0,100.00%,1.00,00:00:00,0.00%,0,$0.00
Murmansk,Russia,1,0.00%,0,100.00%,1.00,00:00:00,0.00%,0,$0.00
Orenburg,Russia,1,0.00%,0,100.00%,1.00,00:00:00,0.00%,0,$0.00
Vladivostok,Russia,1,0.00%,0,100.00%,1.00,00:00:00,0.00%,0,$0.00
Tolyatti,Russia,1,100.00%,1,100.00%,1.00,00:00:00,0.00%,0,$0.00
Vladikavkaz,Russia,1,100.00%,1,0.00%,2.00,00:05:00,0.00%,0,$0.00
Kazan,Russia,1,0.00%,0,100.00%,1.00,00:00:00,0.00%,0,$0.00
Tula,Russia,1,100.00%,1,100.00%,1.00,00:00:00,0.00%,0,$0.00
Ulyanovsk,Russia,1,100.00%,1,100.00%,1.00,00:00:00,0.00%,0,$0.00
Volgograd,Russia,1,0.00%,0,100.00%,1.00,00:00:00,0.00%,0,$0.00
Jeddah,Saudi Arabia,1,100.00%,1,0.00%,2.00,00:00:03,0.00%,0,$0.00
Dhahran,Saudi Arabia,1,100.00%,1,100.00%,1.00,00:00:00,0.00%,0,$0.00
Ljubljana,Slovenia,1,100.00%,1,0.00%,2.00,00:00:00,0.00%,0,$0.00
Maribor,Slovenia,1,100.00%,1,0.00%,2.00,00:00:00,0.00%,0,$0.00
Skelleftea,Sweden,1,100.00%,1,100.00%,1.00,00:00:00,0.00%,0,$0.00
Eskilstuna,Sweden,1,100.00%,1,0.00%,2.00,00:00:00,0.00%,0,$0.00
Jonkoping,Sweden,1,100.00%,1,100.00%,1.00,00:00:00,0.00%,0,$0.00
Vaxjo,Sweden,1,100.00%,1,100.00%,1.00,00:00:00,0.00%,0,$0.00
Hoor,Sweden,1,100.00%,1,100.00%,1.00,00:00:00,0.00%,0,$0.00
Landskrona,Sweden,1,100.00%,1,100.00%,1.00,00:00:00,0.00%,0,$0.00
Lund,Sweden,1,100.00%,1,0.00%,2.00,00:00:00,0.00%,0,$0.00
Borlange,Sweden,1,100.00%,1,0.00%,2.00,00:00:00,0.00%,0,$0.00
Bollnas,Sweden,1,100.00%,1,100.00%,1.00,00:00:00,0.00%,0,$0.00
Dushanbe,Tajikistan,1,100.00%,1,100.00%,1.00,00:00:00,0.00%,0,$0.00
Tunis,Tunisia,1,100.00%,1,100.00%,1.00,00:00:00,0.00%,0,$0.00
Diyarbakir,Turkey,1,100.00%,1,100.00%,1.00,00:00:00,0.00%,0,$0.00
Mersin,Turkey,1,100.00%,1,100.00%,1.00,00:00:00,0.00%,0,$0.00
Gebze,Turkey,1,100.00%,1,100.00%,1.00,00:00:00,0.00%,0,$0.00
Taoyuan District,Taiwan,1,100.00%,1,100.00%,1.00,00:00:00,0.00%,0,$0.00
Vinnytsia,Ukraine,1,100.00%,1,100.00%,1.00,00:00:00,0.00%,0,$0.00
Lviv,Ukraine,1,100.00%,1,100.00%,1.00,00:00:00,0.00%,0,$0.00
Odessa,Ukraine,1,0.00%,0,100.00%,1.00,00:00:00,0.00%,0,$0.00
Birmingham,United States,1,100.00%,1,100.00%,1.00,00:00:00,0.00%,0,$0.00
Foley,United States,1,100.00%,1,0.00%,0.00,00:00:00,0.00%,0,$0.00
Huntsville,United States,1,100.00%,1,100.00%,1.00,00:00:00,0.00%,0,$0.00
Oxford,United States,1,100.00%,1,0.00%,2.00,00:05:00,0.00%,0,$0.00
Tuscaloosa,United States,1,100.00%,1,100.00%,1.00,00:00:00,0.00%,0,$0.00
Bentonville,United States,1,100.00%,1,100.00%,1.00,00:00:00,0.00%,0,$0.00
Little Rock,United States,1,0.00%,0,0.00%,4.00,00:00:42,0.00%,0,$0.00
Sierra Vista,United States,1,100.00%,1,100.00%,1.00,00:00:00,0.00%,0,$0.00
Tucson,United States,1,100.00%,1,100.00%,1.00,00:00:00,0.00%,0,$0.00
Alameda,United States,1,100.00%,1,100.00%,1.00,00:00:00,0.00%,0,$0.00
Arcata,United States,1,100.00%,1,0.00%,3.00,00:00:22,0.00%,0,$0.00
Arroyo Grande,United States,1,100.00%,1,100.00%,1.00,00:00:00,0.00%,0,$0.00
Burlingame,United States,1,100.00%,1,100.00%,1.00,00:00:00,0.00%,0,$0.00
Camarillo,United States,1,100.00%,1,100.00%,1.00,00:00:00,0.00%,0,$0.00
Carson,United States,1,100.00%,1,0.00%,3.00,00:00:31,0.00%,0,$0.00
Chico,United States,1,100.00%,1,100.00%,1.00,00:00:00,0.00%,0,$0.00
Chula Vista,United States,1,100.00%,1,0.00%,2.00,00:00:00,0.00%,0,$0.00
Concord,United States,1,100.00%,1,100.00%,1.00,00:00:00,0.00%,0,$0.00
Cupertino,United States,1,100.00%,1,0.00%,12.00,00:04:38,0.00%,0,$0.00
Delano,United States,1,100.00%,1,100.00%,1.00,00:00:00,0.00%,0,$0.00
Dinuba,United States,1,100.00%,1,100.00%,1.00,00:00:00,0.00%,0,$0.00
El Cajon,United States,1,100.00%,1,0.00%,2.00,00:00:00,0.00%,0,$0.00
El Monte,United States,1,100.00%,1,0.00%,4.00,00:00:00,0.00%,0,$0.00
Folsom,United States,1,100.00%,1,0.00%,2.00,00:00:00,0.00%,0,$0.00
Fremont,United States,1,100.00%,1,100.00%,1.00,00:00:00,0.00%,0,$0.00
Fresno,United States,1,100.00%,1,0.00%,0.00,00:00:00,0.00%,0,$0.00
Gilroy,United States,1,100.00%,1,100.00%,1.00,00:00:00,0.00%,0,$0.00
Glendale,United States,1,100.00%,1,0.00%,6.00,00:00:04,0.00%,0,$0.00
Hawthorne,United States,1,100.00%,1,0.00%,2.00,00:00:00,0.00%,0,$0.00
Indio,United States,1,100.00%,1,0.00%,2.00,00:00:00,0.00%,0,$0.00
Inglewood,United States,1,100.00%,1,100.00%,1.00,00:00:00,0.00%,0,$0.00
La Puente,United States,1,100.00%,1,0.00%,2.00,00:00:00,0.00%,0,$0.00
Lakewood,United States,1,100.00%,1,100.00%,1.00,00:00:00,0.00%,0,$0.00
Lancaster,United States,1,100.00%,1,100.00%,1.00,00:00:00,0.00%,0,$0.00
Los Banos,United States,1,100.00%,1,0.00%,2.00,00:00:00,0.00%,0,$0.00
Manteca,United States,1,100.00%,1,100.00%,1.00,00:00:00,0.00%,0,$0.00
Martinez,United States,1,100.00%,1,100.00%,1.00,00:00:00,0.00%,0,$0.00
Montclair,United States,1,100.00%,1,0.00%,2.00,00:00:00,0.00%,0,$0.00
Moreno Valley,United States,1,100.00%,1,100.00%,1.00,00:00:00,0.00%,0,$0.00
Newport Beach,United States,1,100.00%,1,100.00%,1.00,00:00:00,0.00%,0,$0.00
Nipomo,United States,1,100.00%,1,100.00%,1.00,00:00:00,0.00%,0,$0.00
Oakley,United States,1,100.00%,1,100.00%,1.00,00:00:00,0.00%,0,$0.00
Olympic Valley,United States,1,100.00%,1,100.00%,1.00,00:00:00,0.00%,0,$0.00
Ontario,United States,1,100.00%,1,100.00%,1.00,00:00:00,0.00%,0,$0.00
Orange,United States,1,100.00%,1,100.00%,1.00,00:00:00,0.00%,0,$0.00
Oroville,United States,1,0.00%,0,0.00%,5.00,00:06:06,0.00%,0,$0.00
Pasadena,United States,1,100.00%,1,0.00%,2.00,00:00:50,0.00%,0,$0.00
Paso Robles,United States,1,100.00%,1,0.00%,4.00,00:00:42,0.00%,0,$0.00
Patterson,United States,1,100.00%,1,100.00%,1.00,00:00:00,0.00%,0,$0.00
Perris,United States,1,100.00%,1,100.00%,1.00,00:00:00,0.00%,0,$0.00
Pleasanton,United States,1,100.00%,1,100.00%,1.00,00:00:00,0.00%,0,$0.00
Poway,United States,1,100.00%,1,100.00%,1.00,00:00:00,0.00%,0,$0.00
Redwood City,United States,1,100.00%,1,0.00%,2.00,00:00:00,0.00%,0,$0.00
Reedley,United States,1,100.00%,1,100.00%,1.00,00:00:00,0.00%,0,$0.00
Rio Vista,United States,1,100.00%,1,0.00%,2.00,00:00:02,0.00%,0,$0.00
Riverside,United States,1,100.00%,1,100.00%,1.00,00:00:00,0.00%,0,$0.00
Roseville,United States,1,100.00%,1,100.00%,1.00,00:00:00,0.00%,0,$0.00
San Bernardino,United States,1,100.00%,1,100.00%,1.00,00:00:00,0.00%,0,$0.00
San Luis Obispo,United States,1,100.00%,1,0.00%,2.00,00:00:00,0.00%,0,$0.00
Santa Ana,United States,1,100.00%,1,100.00%,1.00,00:00:00,0.00%,0,$0.00
Temple City,United States,1,100.00%,1,100.00%,1.00,00:00:00,0.00%,0,$0.00
Turlock,United States,1,100.00%,1,100.00%,1.00,00:00:00,0.00%,0,$0.00
Tustin,United States,1,100.00%,1,100.00%,1.00,00:00:00,0.00%,0,$0.00
Walnut,United States,1,100.00%,1,0.00%,2.00,00:00:00,0.00%,0,$0.00
Arvada,United States,1,100.00%,1,0.00%,2.00,00:00:00,0.00%,0,$0.00
Boulder,United States,1,100.00%,1,100.00%,1.00,00:00:00,0.00%,0,$0.00
Breckenridge,United States,1,100.00%,1,0.00%,2.00,00:00:00,0.00%,0,$0.00
Fort Collins,United States,1,100.00%,1,0.00%,2.00,00:00:00,0.00%,0,$0.00
Littleton,United States,1,100.00%,1,100.00%,1.00,00:00:00,0.00%,0,$0.00
Longmont,United States,1,100.00%,1,100.00%,1.00,00:00:00,0.00%,0,$0.00
Westminster,United States,1,100.00%,1,0.00%,14.00,00:01:03,0.00%,0,$0.00
Wheat Ridge,United States,1,100.00%,1,100.00%,1.00,00:00:00,0.00%,0,$0.00
New Haven,United States,1,100.00%,1,100.00%,1.00,00:00:00,0.00%,0,$0.00
New London,United States,1,100.00%,1,100.00%,1.00,00:00:00,0.00%,0,$0.00
Norwich,United States,1,100.00%,1,100.00%,1.00,00:00:00,0.00%,0,$0.00
Blountstown,United States,1,100.00%,1,100.00%,1.00,00:00:00,0.00%,0,$0.00
Cocoa Beach,United States,1,100.00%,1,100.00%,1.00,00:00:00,0.00%,0,$0.00
Deerfield Beach,United States,1,100.00%,1,100.00%,1.00,00:00:00,0.00%,0,$0.00
Dunedin,United States,1,100.00%,1,0.00%,2.00,00:00:00,0.00%,0,$0.00
Fernandina Beach,United States,1,100.00%,1,100.00%,1.00,00:00:00,0.00%,0,$0.00
Fort Walton Beach,United States,1,100.00%,1,100.00%,1.00,00:00:00,0.00%,0,$0.00
Gainesville,United States,1,100.00%,1,100.00%,1.00,00:00:00,0.00%,0,$0.00
Jupiter,United States,1,100.00%,1,100.00%,1.00,00:00:00,0.00%,0,$0.00
Melbourne,United States,1,100.00%,1,100.00%,1.00,00:00:00,0.00%,0,$0.00
Ocala,United States,1,100.00%,1,0.00%,2.00,00:01:25,0.00%,0,$0.00
Palm Coast,United States,1,100.00%,1,0.00%,0.00,00:00:00,0.00%,0,$0.00
Pembroke Pines,United States,1,100.00%,1,0.00%,2.00,00:00:00,0.00%,0,$0.00
Seminole,United States,1,100.00%,1,100.00%,1.00,00:00:00,0.00%,0,$0.00
Tallahassee,United States,1,100.00%,1,100.00%,1.00,00:00:00,0.00%,0,$0.00
Wildwood,United States,1,100.00%,1,100.00%,1.00,00:00:00,0.00%,0,$0.00
Winter Park,United States,1,100.00%,1,100.00%,1.00,00:00:00,0.00%,0,$0.00
Columbus,United States,1,100.00%,1,100.00%,1.00,00:00:00,0.00%,0,$0.00
Kennesaw,United States,1,100.00%,1,100.00%,1.00,00:00:00,0.00%,0,$0.00
Loganville,United States,1,100.00%,1,100.00%,1.00,00:00:00,0.00%,0,$0.00
Marietta,United States,1,100.00%,1,0.00%,2.00,00:00:02,0.00%,0,$0.00
Suwanee,United States,1,100.00%,1,0.00%,4.00,00:00:08,0.00%,0,$0.00
Valdosta,United States,1,100.00%,1,100.00%,1.00,00:00:00,0.00%,0,$0.00
Ewa Beach,United States,1,100.00%,1,0.00%,2.00,00:00:00,0.00%,0,$0.00
Wheeler Army Airfield,United States,1,100.00%,1,100.00%,1.00,00:00:00,0.00%,0,$0.00
Ames,United States,1,100.00%,1,100.00%,1.00,00:00:00,0.00%,0,$0.00
Carroll,United States,1,100.00%,1,100.00%,1.00,00:00:00,0.00%,0,$0.00
Des Moines,United States,1,100.00%,1,0.00%,2.00,00:00:00,0.00%,0,$0.00
Iowa City,United States,1,100.00%,1,100.00%,1.00,00:00:00,0.00%,0,$0.00
Norway,United States,1,100.00%,1,100.00%,1.00,00:00:00,0.00%,0,$0.00
American Falls,United States,1,100.00%,1,0.00%,2.00,00:00:00,0.00%,0,$0.00
Boise,United States,1,100.00%,1,100.00%,1.00,00:00:00,0.00%,0,$0.00
Champaign,United States,1,100.00%,1,100.00%,1.00,00:00:00,0.00%,0,$0.00
Chicago Heights,United States,1,100.00%,1,0.00%,0.00,00:00:00,0.00%,0,$0.00
East Peoria,United States,1,100.00%,1,0.00%,4.00,00:17:31,0.00%,0,$0.00
East Saint Louis,United States,1,100.00%,1,100.00%,1.00,00:00:00,0.00%,0,$0.00
Effingham,United States,1,100.00%,1,100.00%,1.00,00:00:00,0.00%,0,$0.00
Elmwood,United States,1,100.00%,1,100.00%,1.00,00:00:00,0.00%,0,$0.00
Glendale Heights,United States,1,100.00%,1,100.00%,1.00,00:00:00,0.00%,0,$0.00
Greenville,United States,1,100.00%,1,100.00%,1.00,00:00:00,0.00%,0,$0.00
Joliet,United States,1,100.00%,1,100.00%,1.00,00:00:00,0.00%,0,$0.00
Morris,United States,1,100.00%,1,100.00%,1.00,00:00:00,0.00%,0,$0.00
Naperville,United States,1,100.00%,1,0.00%,0.00,00:00:00,0.00%,0,$0.00
Rockford,United States,1,100.00%,1,0.00%,0.00,00:00:00,0.00%,0,$0.00
Rolling Meadows,United States,1,100.00%,1,0.00%,2.00,00:00:01,0.00%,0,$0.00
Auburn,United States,1,100.00%,1,0.00%,10.00,00:00:58,0.00%,0,$0.00
Elkhart,United States,1,100.00%,1,100.00%,1.00,00:00:00,0.00%,0,$0.00
Fort Wayne,United States,1,100.00%,1,100.00%,1.00,00:00:00,0.00%,0,$0.00
Jasper,United States,1,100.00%,1,100.00%,1.00,00:00:00,0.00%,0,$0.00
Richmond,United States,1,100.00%,1,100.00%,1.00,00:00:00,0.00%,0,$0.00
Valparaiso,United States,1,100.00%,1,100.00%,1.00,00:00:00,0.00%,0,$0.00
Kansas City,United States,1,100.00%,1,100.00%,1.00,00:00:00,0.00%,0,$0.00
Glasgow,United States,1,100.00%,1,100.00%,1.00,00:00:00,0.00%,0,$0.00
Lexington,United States,1,100.00%,1,100.00%,1.00,00:00:00,0.00%,0,$0.00
Salyersville,United States,1,100.00%,1,0.00%,2.00,00:00:00,0.00%,0,$0.00
Alexandria,United States,1,100.00%,1,100.00%,1.00,00:00:00,0.00%,0,$0.00
Belle Chasse,United States,1,100.00%,1,0.00%,2.00,00:00:00,0.00%,0,$0.00
Denham Springs,United States,1,100.00%,1,100.00%,1.00,00:00:00,0.00%,0,$0.00
Houma,United States,1,100.00%,1,100.00%,1.00,00:00:00,0.00%,0,$0.00
Lafayette,United States,1,100.00%,1,100.00%,1.00,00:00:00,0.00%,0,$0.00
Pineville,United States,1,100.00%,1,100.00%,1.00,00:00:00,0.00%,0,$0.00
Amherst,United States,1,100.00%,1,100.00%,1.00,00:00:00,0.00%,0,$0.00
Brockton,United States,1,100.00%,1,100.00%,1.00,00:00:00,0.00%,0,$0.00
Burlington,United States,1,0.00%,0,100.00%,1.00,00:00:00,0.00%,0,$0.00
Danvers,United States,1,100.00%,1,100.00%,1.00,00:00:00,0.00%,0,$0.00
Fitchburg,United States,1,100.00%,1,0.00%,2.00,00:00:00,0.00%,0,$0.00
Great Barrington,United States,1,100.00%,1,100.00%,1.00,00:00:00,0.00%,0,$0.00
North Andover,United States,1,100.00%,1,0.00%,2.00,00:00:00,0.00%,0,$0.00
North Attleborough,United States,1,100.00%,1,100.00%,1.00,00:00:00,0.00%,0,$0.00
Templeton,United States,1,100.00%,1,0.00%,21.00,00:06:10,0.00%,0,$0.00
Bowie,United States,1,100.00%,1,100.00%,1.00,00:00:00,0.00%,0,$0.00
Brentwood,United States,1,100.00%,1,100.00%,1.00,00:00:00,0.00%,0,$0.00
Capitol Heights,United States,1,100.00%,1,100.00%,1.00,00:00:00,0.00%,0,$0.00
Clinton,United States,1,100.00%,1,0.00%,2.00,00:00:02,0.00%,0,$0.00
College Park,United States,1,100.00%,1,100.00%,1.00,00:00:00,0.00%,0,$0.00
Frederick,United States,1,100.00%,1,0.00%,2.00,00:00:00,0.00%,0,$0.00
Gaithersburg,United States,1,100.00%,1,100.00%,1.00,00:00:00,0.00%,0,$0.00
Hagerstown,United States,1,100.00%,1,0.00%,2.00,00:00:00,0.00%,0,$0.00
Montgomery Village,United States,1,100.00%,1,100.00%,1.00,00:00:00,0.00%,0,$0.00
Owings Mills,United States,1,100.00%,1,100.00%,1.00,00:00:00,0.00%,0,$0.00
Rockville,United States,1,100.00%,1,100.00%,1.00,00:00:00,0.00%,0,$0.00
Durham,United States,1,100.00%,1,100.00%,1.00,00:00:00,0.00%,0,$0.00
Bay City,United States,1,100.00%,1,0.00%,2.00,00:00:00,0.00%,0,$0.00
Cadillac,United States,1,100.00%,1,100.00%,1.00,00:00:00,0.00%,0,$0.00
Canton,United States,1,100.00%,1,0.00%,2.00,00:00:00,0.00%,0,$0.00
Caro,United States,1,100.00%,1,100.00%,1.00,00:00:00,0.00%,0,$0.00
Howard City,United States,1,100.00%,1,100.00%,1.00,00:00:00,0.00%,0,$0.00
Lansing,United States,1,100.00%,1,0.00%,2.00,00:01:06,0.00%,0,$0.00
Madison Heights,United States,1,100.00%,1,0.00%,6.00,00:01:39,0.00%,0,$0.00
Marquette Township,United States,1,100.00%,1,100.00%,1.00,00:00:00,0.00%,0,$0.00
Saline,United States,1,100.00%,1,0.00%,2.00,00:05:00,0.00%,0,$0.00
Southfield,United States,1,100.00%,1,100.00%,1.00,00:00:00,0.00%,0,$0.00
Taylor,United States,1,100.00%,1,100.00%,1.00,00:00:00,0.00%,0,$0.00
Troy,United States,1,100.00%,1,100.00%,1.00,00:00:00,0.00%,0,$0.00
Westland,United States,1,100.00%,1,0.00%,2.00,00:00:00,0.00%,0,$0.00
Ypsilanti,United States,1,100.00%,1,0.00%,2.00,00:10:00,0.00%,0,$0.00
Forest Lake,United States,1,100.00%,1,100.00%,1.00,00:00:00,0.00%,0,$0.00
Lakeville,United States,1,100.00%,1,0.00%,4.00,00:09:07,0.00%,0,$0.00
Sherburn,United States,1,100.00%,1,0.00%,2.00,00:00:00,0.00%,0,$0.00
Fordland,United States,1,100.00%,1,100.00%,1.00,00:00:00,0.00%,0,$0.00
Lee's Summit,United States,1,100.00%,1,0.00%,2.00,00:00:00,0.00%,0,$0.00
Liberty,United States,1,100.00%,1,100.00%,1.00,00:00:00,0.00%,0,$0.00
Marionville,United States,1,100.00%,1,100.00%,1.00,00:00:00,0.00%,0,$0.00
Marshall,United States,1,100.00%,1,100.00%,1.00,00:00:00,0.00%,0,$0.00
St. Louis,United States,1,100.00%,1,0.00%,2.00,00:05:00,0.00%,0,$0.00
Warrensburg,United States,1,100.00%,1,0.00%,2.00,00:00:00,0.00%,0,$0.00
Durant,United States,1,100.00%,1,0.00%,2.00,00:00:00,0.00%,0,$0.00
Natchez,United States,1,100.00%,1,100.00%,1.00,00:00:00,0.00%,0,$0.00
Ocean Springs,United States,1,100.00%,1,100.00%,1.00,00:00:00,0.00%,0,$0.00
Bozeman,United States,1,100.00%,1,100.00%,1.00,00:00:00,0.00%,0,$0.00
Helena,United States,1,100.00%,1,100.00%,1.00,00:00:00,0.00%,0,$0.00
Kalispell,United States,1,100.00%,1,100.00%,1.00,00:00:00,0.00%,0,$0.00
Missoula,United States,1,100.00%,1,100.00%,1.00,00:00:00,0.00%,0,$0.00
Asheville,United States,1,100.00%,1,0.00%,2.00,00:00:00,0.00%,0,$0.00
Belmont,United States,1,100.00%,1,100.00%,1.00,00:00:00,0.00%,0,$0.00
Cary,United States,1,100.00%,1,100.00%,1.00,00:00:00,0.00%,0,$0.00
Chapel Hill,United States,1,100.00%,1,100.00%,1.00,00:00:00,0.00%,0,$0.00
Concord,United States,1,100.00%,1,100.00%,1.00,00:00:00,0.00%,0,$0.00
Durham,United States,1,100.00%,1,0.00%,2.00,00:00:00,0.00%,0,$0.00
Elizabeth City,United States,1,100.00%,1,100.00%,1.00,00:00:00,0.00%,0,$0.00
Gastonia,United States,1,100.00%,1,100.00%,1.00,00:00:00,0.00%,0,$0.00
Jacksonville,United States,1,100.00%,1,100.00%,1.00,00:00:00,0.00%,0,$0.00
Lumberton,United States,1,100.00%,1,0.00%,2.00,00:00:00,0.00%,0,$0.00
Mooresville,United States,1,100.00%,1,100.00%,1.00,00:00:00,0.00%,0,$0.00
Wilmington,United States,1,100.00%,1,100.00%,1.00,00:00:00,0.00%,0,$0.00
Winston-Salem,United States,1,100.00%,1,100.00%,1.00,00:00:00,0.00%,0,$0.00
Williston,United States,1,100.00%,1,0.00%,2.00,00:00:00,0.00%,0,$0.00
Bellevue,United States,1,100.00%,1,100.00%,1.00,00:00:00,0.00%,0,$0.00
Manchester,United States,1,100.00%,1,100.00%,1.00,00:00:00,0.00%,0,$0.00
Berkeley Heights,United States,1,100.00%,1,100.00%,1.00,00:00:00,0.00%,0,$0.00
Denville,United States,1,100.00%,1,0.00%,2.00,00:00:00,0.00%,0,$0.00
East Orange,United States,1,100.00%,1,0.00%,2.00,00:00:00,0.00%,0,$0.00
Hackensack,United States,1,100.00%,1,0.00%,13.00,00:00:00,0.00%,0,$0.00
Jersey City,United States,1,100.00%,1,0.00%,2.00,00:00:00,0.00%,0,$0.00
Newark,United States,1,100.00%,1,100.00%,1.00,00:00:00,0.00%,0,$0.00
Piscataway Township,United States,1,100.00%,1,100.00%,1.00,00:00:00,0.00%,0,$0.00
Sayreville,United States,1,100.00%,1,0.00%,2.00,00:01:40,0.00%,0,$0.00
South Orange,United States,1,100.00%,1,0.00%,2.00,00:00:00,0.00%,0,$0.00
Totowa,United States,1,100.00%,1,100.00%,1.00,00:00:00,0.00%,0,$0.00
Warren,United States,1,100.00%,1,100.00%,1.00,00:00:00,0.00%,0,$0.00
Albuquerque,United States,1,100.00%,1,100.00%,1.00,00:00:00,0.00%,0,$0.00
Elko,United States,1,100.00%,1,100.00%,1.00,00:00:00,0.00%,0,$0.00
North Las Vegas,United States,1,100.00%,1,100.00%,1.00,00:00:00,0.00%,0,$0.00
Deer Park,United States,1,100.00%,1,0.00%,2.00,00:00:00,0.00%,0,$0.00
Franklin Square,United States,1,100.00%,1,0.00%,2.00,00:00:01,0.00%,0,$0.00
Ithaca,United States,1,100.00%,1,100.00%,1.00,00:00:00,0.00%,0,$0.00
Monticello,United States,1,100.00%,1,100.00%,1.00,00:00:00,0.00%,0,$0.00
Norwich,United States,1,100.00%,1,100.00%,1.00,00:00:00,0.00%,0,$0.00
Oneida,United States,1,100.00%,1,100.00%,1.00,00:00:00,0.00%,0,$0.00
Rye,United States,1,100.00%,1,0.00%,6.00,00:01:01,0.00%,0,$0.00
Smithtown,United States,1,100.00%,1,100.00%,1.00,00:00:00,0.00%,0,$0.00
Uniondale,United States,1,100.00%,1,100.00%,1.00,00:00:00,0.00%,0,$0.00
Utica,United States,1,100.00%,1,100.00%,1.00,00:00:00,0.00%,0,$0.00
Valley Stream,United States,1,100.00%,1,0.00%,4.00,00:00:00,0.00%,0,$0.00
Barberton,United States,1,100.00%,1,0.00%,2.00,00:00:00,0.00%,0,$0.00
Cleves,United States,1,100.00%,1,100.00%,1.00,00:00:00,0.00%,0,$0.00
Dublin,United States,1,100.00%,1,100.00%,1.00,00:00:00,0.00%,0,$0.00
Hamilton,United States,1,100.00%,1,0.00%,7.00,00:00:20,0.00%,0,$0.00
Mansfield,United States,1,100.00%,1,100.00%,1.00,00:00:00,0.00%,0,$0.00
Mason,United States,1,100.00%,1,0.00%,5.00,00:00:18,0.00%,0,$0.00
Norwalk,United States,1,100.00%,1,100.00%,1.00,00:00:00,0.00%,0,$0.00
Portsmouth,United States,1,100.00%,1,100.00%,1.00,00:00:00,0.00%,0,$0.00
Ravenna,United States,1,100.00%,1,100.00%,1.00,00:00:00,0.00%,0,$0.00
Reynoldsburg,United States,1,100.00%,1,0.00%,2.00,00:00:01,0.00%,0,$0.00
Springfield,United States,1,100.00%,1,100.00%,1.00,00:00:00,0.00%,0,$0.00
Toledo,United States,1,100.00%,1,100.00%,1.00,00:00:00,0.00%,0,$0.00
Upper Sandusky,United States,1,100.00%,1,100.00%,1.00,00:00:00,0.00%,0,$0.00
Westlake,United States,1,100.00%,1,0.00%,6.00,00:14:47,0.00%,0,$0.00
Wickliffe,United States,1,100.00%,1,100.00%,1.00,00:00:00,0.00%,0,$0.00
Hobart,United States,1,100.00%,1,100.00%,1.00,00:00:00,0.00%,0,$0.00
Oklahoma City,United States,1,100.00%,1,0.00%,2.00,00:06:40,0.00%,0,$0.00
Tulsa,United States,1,100.00%,1,0.00%,2.00,00:00:00,0.00%,0,$0.00
Coos Bay,United States,1,100.00%,1,0.00%,2.00,00:00:01,0.00%,0,$0.00
Fairview,United States,1,100.00%,1,100.00%,1.00,00:00:00,0.00%,0,$0.00
Gresham,United States,1,100.00%,1,0.00%,2.00,00:00:00,0.00%,0,$0.00
Lincoln City,United States,1,100.00%,1,0.00%,5.00,00:00:35,0.00%,0,$0.00
Prineville,United States,1,100.00%,1,100.00%,1.00,00:00:00,0.00%,0,$0.00
Woodburn,United States,1,100.00%,1,100.00%,1.00,00:00:00,0.00%,0,$0.00
Edinboro,United States,1,100.00%,1,100.00%,1.00,00:00:00,0.00%,0,$0.00
Harrisburg,United States,1,100.00%,1,100.00%,1.00,00:00:00,0.00%,0,$0.00
King of Prussia,United States,1,100.00%,1,100.00%,1.00,00:00:00,0.00%,0,$0.00
Lehman,United States,1,100.00%,1,100.00%,1.00,00:00:00,0.00%,0,$0.00
Middletown,United States,1,100.00%,1,0.00%,2.00,00:00:00,0.00%,0,$0.00
Palmerton,United States,1,100.00%,1,100.00%,1.00,00:00:00,0.00%,0,$0.00
Robinson Township,United States,1,100.00%,1,0.00%,2.00,00:00:40,0.00%,0,$0.00
Royersford,United States,1,100.00%,1,100.00%,1.00,00:00:00,0.00%,0,$0.00
Towanda,United States,1,100.00%,1,100.00%,1.00,00:00:00,0.00%,0,$0.00
Williamsport,United States,1,100.00%,1,100.00%,1.00,00:00:00,0.00%,0,$0.00
Barrington,United States,1,100.00%,1,100.00%,1.00,00:00:00,0.00%,0,$0.00
Cranston,United States,1,100.00%,1,100.00%,1.00,00:00:00,0.00%,0,$0.00
North Kingstown,United States,1,100.00%,1,100.00%,1.00,00:00:00,0.00%,0,$0.00
Providence,United States,1,100.00%,1,0.00%,4.00,00:00:00,0.00%,0,$0.00
Warwick,United States,1,100.00%,1,100.00%,1.00,00:00:00,0.00%,0,$0.00
Due West,United States,1,100.00%,1,0.00%,0.00,00:00:00,0.00%,0,$0.00
Florence,United States,1,100.00%,1,100.00%,1.00,00:00:00,0.00%,0,$0.00
Hitchcock,United States,1,100.00%,1,100.00%,1.00,00:00:00,0.00%,0,$0.00
Rapid City,United States,1,100.00%,1,100.00%,1.00,00:00:00,0.00%,0,$0.00
Collierville,United States,1,100.00%,1,100.00%,1.00,00:00:00,0.00%,0,$0.00
Springfield,United States,1,100.00%,1,100.00%,1.00,00:00:00,0.00%,0,$0.00
Allen,United States,1,100.00%,1,0.00%,11.00,00:02:01,0.00%,0,$0.00
Carrollton,United States,1,100.00%,1,100.00%,1.00,00:00:00,0.00%,0,$0.00
Cedar Park,United States,1,100.00%,1,100.00%,1.00,00:00:00,0.00%,0,$0.00
Conroe,United States,1,100.00%,1,100.00%,1.00,00:00:00,0.00%,0,$0.00
Corpus Christi,United States,1,100.00%,1,100.00%,1.00,00:00:00,0.00%,0,$0.00
Del Rio,United States,1,100.00%,1,100.00%,1.00,00:00:00,0.00%,0,$0.00
Fort Worth,United States,1,100.00%,1,100.00%,1.00,00:00:00,0.00%,0,$0.00
Greenville,United States,1,100.00%,1,100.00%,1.00,00:00:00,0.00%,0,$0.00
Hemphill,United States,1,0.00%,0,0.00%,2.00,00:00:02,0.00%,0,$0.00
Huntington,United States,1,0.00%,0,0.00%,5.00,00:00:14,0.00%,0,$0.00
Lewisville,United States,1,100.00%,1,0.00%,16.00,00:02:58,0.00%,0,$0.00
Little Elm,United States,1,100.00%,1,100.00%,1.00,00:00:00,0.00%,0,$0.00
Plano,United States,1,100.00%,1,100.00%,1.00,00:00:00,0.00%,0,$0.00
Rosenberg,United States,1,0.00%,0,0.00%,2.00,00:00:01,0.00%,0,$0.00
Snyder,United States,1,100.00%,1,0.00%,3.00,00:01:39,0.00%,0,$0.00
Waco,United States,1,100.00%,1,0.00%,2.00,00:00:00,0.00%,0,$0.00
Waxahachie,United States,1,100.00%,1,100.00%,1.00,00:00:00,0.00%,0,$0.00
Wichita Falls,United States,1,100.00%,1,100.00%,1.00,00:00:00,0.00%,0,$0.00
Bountiful,United States,1,100.00%,1,100.00%,1.00,00:00:00,0.00%,0,$0.00
Coalville,United States,1,100.00%,1,100.00%,1.00,00:00:00,0.00%,0,$0.00
Logan,United States,1,100.00%,1,0.00%,0.00,00:00:00,0.00%,0,$0.00
Provo,United States,1,100.00%,1,100.00%,1.00,00:00:00,0.00%,0,$0.00
South Jordan,United States,1,100.00%,1,0.00%,2.00,00:00:00,0.00%,0,$0.00
Arcola,United States,1,100.00%,1,0.00%,2.00,00:00:00,0.00%,0,$0.00
Blacksburg,United States,1,100.00%,1,100.00%,1.00,00:00:00,0.00%,0,$0.00
Bristow,United States,1,100.00%,1,100.00%,1.00,00:00:00,0.00%,0,$0.00
Charlottesville,United States,1,100.00%,1,0.00%,2.00,00:00:00,0.00%,0,$0.00
Dulles,United States,1,100.00%,1,0.00%,2.00,00:00:00,0.00%,0,$0.00
Fairfax,United States,1,100.00%,1,100.00%,1.00,00:00:00,0.00%,0,$0.00
Fredericksburg,United States,1,100.00%,1,0.00%,4.00,00:00:37,0.00%,0,$0.00
Harrisonburg,United States,1,100.00%,1,100.00%,1.00,00:00:00,0.00%,0,$0.00
Mechanicsville,United States,1,100.00%,1,100.00%,1.00,00:00:00,0.00%,0,$0.00
Newington,United States,1,100.00%,1,100.00%,1.00,00:00:00,0.00%,0,$0.00
Norfolk,United States,1,100.00%,1,100.00%,1.00,00:00:00,0.00%,0,$0.00
Roanoke,United States,1,100.00%,1,0.00%,2.00,00:00:00,0.00%,0,$0.00
Stafford,United States,1,100.00%,1,100.00%,1.00,00:00:00,0.00%,0,$0.00
Virginia Beach,United States,1,100.00%,1,0.00%,4.00,00:00:09,0.00%,0,$0.00
Warrenton,United States,1,100.00%,1,0.00%,2.00,00:00:00,0.00%,0,$0.00
South Burlington,United States,1,100.00%,1,0.00%,2.00,00:08:20,0.00%,0,$0.00
La Conner,United States,1,100.00%,1,100.00%,1.00,00:00:00,0.00%,0,$0.00
Rainier,United States,1,100.00%,1,100.00%,1.00,00:00:00,0.00%,0,$0.00
Snoqualmie,United States,1,100.00%,1,100.00%,1.00,00:00:00,0.00%,0,$0.00
Spokane,United States,1,100.00%,1,100.00%,1.00,00:00:00,0.00%,0,$0.00
Bruce,United States,1,100.00%,1,100.00%,1.00,00:00:00,0.00%,0,$0.00
Eau Claire,United States,1,100.00%,1,100.00%,1.00,00:00:00,0.00%,0,$0.00
Franklin,United States,1,100.00%,1,100.00%,1.00,00:00:00,0.00%,0,$0.00
Charleston,United States,1,100.00%,1,0.00%,2.00,00:00:00,0.00%,0,$0.00
Tashkent,Uzbekistan,1,100.00%,1,100.00%,1.00,00:00:00,0.00%,0,$0.00
Caracas,Venezuela,1,100.00%,1,0.00%,2.00,00:00:00,0.00%,0,$0.00
East London,South Africa,1,100.00%,1,100.00%,1.00,00:00:00,0.00%,0,$0.00
Centurion,South Africa,1,100.00%,1,100.00%,1.00,00:00:00,0.00%,0,$0.00
Pretoria,South Africa,1,100.00%,1,100.00%,1.00,00:00:00,0.00%,0,$0.00
Tongliao,China,1,100.00%,1,100.00%,1.00,00:00:00,0.00%,0,$0.00
La Romana,Dominican Republic,1,100.00%,1,100.00%,1.00,00:00:00,0.00%,0,$0.00
tp. Vung Tau,Vietnam,1,100.00%,1,100.00%,1.00,00:00:00,0.00%,0,$0.00
Hagen,Germany,1,100.00%,1,0.00%,16.00,00:02:05,0.00%,0,$0.00
Saitama,Japan,1,100.00%,1,100.00%,1.00,00:00:00,0.00%,0,$0.00
Itabashi,Japan,1,100.00%,1,100.00%,1.00,00:00:00,0.00%,0,$0.00
Zabreh,Czech Republic,1,100.00%,1,100.00%,1.00,00:00:00,0.00%,0,$0.00
Bello,Colombia,1,100.00%,1,100.00%,1.00,00:00:00,0.00%,0,$0.00
Os,Norway,1,100.00%,1,100.00%,1.00,00:00:00,0.00%,0,$0.00
Berehove,Ukraine,1,100.00%,1,0.00%,0.00,00:00:00,0.00%,0,$0.00
Altstatten,Switzerland,1,100.00%,1,0.00%,2.00,00:00:01,0.00%,0,$0.00
Olten,Switzerland,1,100.00%,1,100.00%,1.00,00:00:00,0.00%,0,$0.00
Asan-si,South Korea,1,100.00%,1,0.00%,2.00,00:05:00,0.00%,0,$0.00
Goyang-si,South Korea,1,100.00%,1,100.00%,1.00,00:00:00,0.00%,0,$0.00
Gumi-si,South Korea,1,100.00%,1,0.00%,2.00,00:00:50,0.00%,0,$0.00
Gyeongju-si,South Korea,1,100.00%,1,100.00%,1.00,00:00:00,0.00%,0,$0.00
Haman-gun,South Korea,1,100.00%,1,100.00%,1.00,00:00:00,0.00%,0,$0.00
Fohnsdorf,Austria,1,100.00%,1,100.00%,1.00,00:00:00,0.00%,0,$0.00
Nowy Dwor Mazowiecki,Poland,1,100.00%,1,0.00%,2.00,00:00:01,0.00%,0,$0.00
Cabo San Lucas,Mexico,1,100.00%,1,100.00%,1.00,00:00:00,0.00%,0,$0.00
Fresnillo,Mexico,1,100.00%,1,100.00%,1.00,00:00:00,0.00%,0,$0.00
Linares,Mexico,1,100.00%,1,100.00%,1.00,00:00:00,0.00%,0,$0.00
Arapiraca,Brazil,1,100.00%,1,0.00%,2.00,00:00:00,0.00%,0,$0.00
Cajazeiras,Brazil,1,100.00%,1,100.00%,1.00,00:00:00,0.00%,0,$0.00
Cruzeiro do Oeste,Brazil,1,100.00%,1,0.00%,2.00,00:00:00,0.00%,0,$0.00
Itapema,Brazil,1,100.00%,1,100.00%,1.00,00:00:00,0.00%,0,$0.00
Pinhais,Brazil,1,100.00%,1,100.00%,1.00,00:00:00,0.00%,0,$0.00
Porciuncula,Brazil,1,100.00%,1,0.00%,2.00,00:00:00,0.00%,0,$0.00
Sao Simao,Brazil,1,100.00%,1,100.00%,1.00,00:00:00,0.00%,0,$0.00
Baoshan,China,1,100.00%,1,100.00%,1.00,00:00:00,0.00%,0,$0.00
Guang'an,China,1,100.00%,1,100.00%,1.00,00:00:00,0.00%,0,$0.00
Huludao,China,1,100.00%,1,100.00%,1.00,00:00:00,0.00%,0,$0.00
Ili,China,1,100.00%,1,100.00%,1.00,00:00:00,0.00%,0,$0.00
Jining,China,1,100.00%,1,100.00%,1.00,00:00:00,0.00%,0,$0.00
Sanya,China,1,100.00%,1,100.00%,1.00,00:00:00,0.00%,0,$0.00
Xingtai,China,1,100.00%,1,0.00%,2.00,00:06:40,0.00%,0,$0.00
Zhongshan,China,1,100.00%,1,100.00%,1.00,00:00:00,0.00%,0,$0.00
Csorna,Hungary,1,100.00%,1,100.00%,1.00,00:00:00,0.00%,0,$0.00
Nagykallo,Hungary,1,100.00%,1,100.00%,1.00,00:00:00,0.00%,0,$0.00
Pimpri-Chinchwad,India,1,100.00%,1,100.00%,1.00,00:00:00,0.00%,0,$0.00
Secunderabad,India,1,100.00%,1,100.00%,1.00,00:00:00,0.00%,0,$0.00
Changhua City,Taiwan,1,100.00%,1,100.00%,1.00,00:00:00,0.00%,0,$0.00
Huwei Township,Taiwan,1,100.00%,1,100.00%,1.00,00:00:00,0.00%,0,$0.00
tp. Thai Nguyen,Vietnam,1,100.00%,1,100.00%,1.00,00:00:00,0.00%,0,$0.00
Lyubertsy,Russia,1,100.00%,1,100.00%,1.00,00:00:00,0.00%,0,$0.00
Dmitrov,Russia,1,0.00%,0,100.00%,1.00,00:00:00,0.00%,0,$0.00
Mytishchi,Russia,1,0.00%,0,100.00%,1.00,00:00:00,0.00%,0,$0.00
Dolgoprudny,Russia,1,100.00%,1,100.00%,1.00,00:00:00,0.00%,0,$0.00
Tikhvin,Russia,1,0.00%,0,100.00%,1.00,00:00:00,0.00%,0,$0.00
Caseros,Argentina,1,100.00%,1,100.00%,1.00,00:00:00,0.00%,0,$0.00
Bergen,Norway,1,100.00%,1,100.00%,1.00,00:00:00,0.00%,0,$0.00
Hol,Norway,1,100.00%,1,100.00%,1.00,00:00:00,0.00%,0,$0.00
Kristiansand,Norway,1,100.00%,1,100.00%,1.00,00:00:00,0.00%,0,$0.00
Oppegard,Norway,1,100.00%,1,0.00%,2.00,00:00:02,0.00%,0,$0.00
Randaberg,Norway,1,0.00%,0,100.00%,1.00,00:00:00,0.00%,0,$0.00
Sharjah,United Arab Emirates,1,100.00%,1,100.00%,1.00,00:00:00,0.00%,0,$0.00
Karnobat,Bulgaria,1,100.00%,1,100.00%,1.00,00:00:00,0.00%,0,$0.00
Sunny Beach,Bulgaria,1,100.00%,1,100.00%,1.00,00:00:00,0.00%,0,$0.00
Bambui,Brazil,1,100.00%,1,0.00%,2.00,00:00:01,0.00%,0,$0.00
Santo Antonio da Patrulha,Brazil,1,100.00%,1,0.00%,2.00,00:00:01,0.00%,0,$0.00
Lower Sackville,Canada,1,100.00%,1,0.00%,2.00,00:00:00,0.00%,0,$0.00
Copiapo,Chile,1,100.00%,1,100.00%,1.00,00:00:00,0.00%,0,$0.00
Puerto Montt,Chile,1,100.00%,1,100.00%,1.00,00:00:00,0.00%,0,$0.00
Deqen,China,1,100.00%,1,100.00%,1.00,00:00:00,0.00%,0,$0.00
Alpen,Germany,1,100.00%,1,100.00%,1.00,00:00:00,0.00%,0,$0.00
Hullhorst,Germany,1,100.00%,1,100.00%,1.00,00:00:00,0.00%,0,$0.00
Melle,Germany,1,100.00%,1,100.00%,1.00,00:00:00,0.00%,0,$0.00
Oer-Erkenschwick,Germany,1,100.00%,1,0.00%,0.00,00:00:00,0.00%,0,$0.00
Solbjerg,Denmark,1,100.00%,1,0.00%,2.00,00:10:00,0.00%,0,$0.00
Alcantarilla,Spain,1,100.00%,1,100.00%,1.00,00:00:00,0.00%,0,$0.00
Estepona,Spain,1,100.00%,1,0.00%,2.00,00:01:59,0.00%,0,$0.00
Osuna,Spain,1,100.00%,1,0.00%,2.00,00:05:00,0.00%,0,$0.00
Annemasse,France,1,100.00%,1,0.00%,2.00,00:00:02,0.00%,0,$0.00
Decines-Charpieu,France,1,100.00%,1,0.00%,5.00,00:00:38,0.00%,0,$0.00
Digoin,France,1,100.00%,1,100.00%,1.00,00:00:00,0.00%,0,$0.00
Gaillac,France,1,100.00%,1,100.00%,1.00,00:00:00,0.00%,0,$0.00
Le Perreux-sur-Marne,France,1,100.00%,1,100.00%,1.00,00:00:00,0.00%,0,$0.00
Les Essarts-le-Roi,France,1,100.00%,1,0.00%,2.00,00:00:00,0.00%,0,$0.00
Nevers,France,1,100.00%,1,100.00%,1.00,00:00:00,0.00%,0,$0.00
Nogent-sur-Oise,France,1,100.00%,1,0.00%,2.00,00:00:00,0.00%,0,$0.00
Saint-Priest,France,1,100.00%,1,100.00%,1.00,00:00:00,0.00%,0,$0.00
Salon-de-Provence,France,1,100.00%,1,100.00%,1.00,00:00:00,0.00%,0,$0.00
Somain,France,1,100.00%,1,100.00%,1.00,00:00:00,0.00%,0,$0.00
Vitry-en-Artois,France,1,100.00%,1,0.00%,2.00,00:00:01,0.00%,0,$0.00
Bergen op Zoom,Netherlands,1,100.00%,1,0.00%,2.00,00:00:00,0.00%,0,$0.00
Leende,Netherlands,1,100.00%,1,100.00%,1.00,00:00:00,0.00%,0,$0.00
Kotelniki,Russia,1,0.00%,0,100.00%,1.00,00:00:00,0.00%,0,$0.00
Noyabrsk,Russia,1,0.00%,0,100.00%,1.00,00:00:00,0.00%,0,$0.00
Pushkin,Russia,1,0.00%,0,100.00%,1.00,00:00:00,0.00%,0,$0.00
Shatura,Russia,1,0.00%,0,100.00%,1.00,00:00:00,0.00%,0,$0.00
Troitsk,Russia,1,100.00%,1,100.00%,1.00,00:00:00,0.00%,0,$0.00
Yegoryevsk,Russia,1,0.00%,0,100.00%,1.00,00:00:00,0.00%,0,$0.00
Zelenograd,Russia,1,100.00%,1,100.00%,1.00,00:00:00,0.00%,0,$0.00
Al Khobar,Saudi Arabia,1,100.00%,1,100.00%,1.00,00:00:00,0.00%,0,$0.00
Dacun Township,Taiwan,1,100.00%,1,0.00%,2.00,00:00:50,0.00%,0,$0.00
Ashwaubenon,United States,1,100.00%,1,100.00%,1.00,00:00:00,0.00%,0,$0.00
Bartonville,United States,1,100.00%,1,100.00%,1.00,00:00:00,0.00%,0,$0.00
Beckett Ridge,United States,1,100.00%,1,100.00%,1.00,00:00:00,0.00%,0,$0.00
Beechwood,United States,1,100.00%,1,0.00%,2.00,00:00:00,0.00%,0,$0.00
Brambleton,United States,1,100.00%,1,0.00%,2.00,00:00:00,0.00%,0,$0.00
Canyon Lake,United States,1,100.00%,1,100.00%,1.00,00:00:00,0.00%,0,$0.00
Cinco Ranch,United States,1,100.00%,1,0.00%,7.00,00:00:53,0.00%,0,$0.00
Dunwoody,United States,1,100.00%,1,100.00%,1.00,00:00:00,0.00%,0,$0.00
East Patchogue,United States,1,100.00%,1,100.00%,1.00,00:00:00,0.00%,0,$0.00
East Point,United States,1,100.00%,1,100.00%,1.00,00:00:00,0.00%,0,$0.00
Enterprise,United States,1,100.00%,1,0.00%,2.00,00:00:00,0.00%,0,$0.00
Evesham Township,United States,1,100.00%,1,0.00%,8.00,00:00:53,0.00%,0,$0.00
Fridley,United States,1,100.00%,1,100.00%,1.00,00:00:00,0.00%,0,$0.00
Fruit Cove,United States,1,100.00%,1,0.00%,10.00,00:08:33,0.00%,0,$0.00
Goddard,United States,1,100.00%,1,0.00%,0.00,00:00:00,0.00%,0,$0.00
Golden Gate,United States,1,100.00%,1,0.00%,2.00,00:00:00,0.00%,0,$0.00
Hamilton Township,United States,1,100.00%,1,100.00%,1.00,00:00:00,0.00%,0,$0.00
Heathrow,United States,1,100.00%,1,100.00%,1.00,00:00:00,0.00%,0,$0.00
Kettering,United States,1,100.00%,1,0.00%,2.00,00:00:00,0.00%,0,$0.00
Kirkwood,United States,1,100.00%,1,100.00%,1.00,00:00:00,0.00%,0,$0.00
Lake Magdalene,United States,1,100.00%,1,100.00%,1.00,00:00:00,0.00%,0,$0.00
Lionville,United States,1,100.00%,1,100.00%,1.00,00:00:00,0.00%,0,$0.00
Midwest City,United States,1,100.00%,1,100.00%,1.00,00:00:00,0.00%,0,$0.00
Milwaukie,United States,1,100.00%,1,100.00%,1.00,00:00:00,0.00%,0,$0.00
Montgomery,United States,1,100.00%,1,0.00%,3.00,00:00:18,0.00%,0,$0.00
Nether Providence Township,United States,1,100.00%,1,100.00%,1.00,00:00:00,0.00%,0,$0.00
North Decatur,United States,1,100.00%,1,100.00%,1.00,00:00:00,0.00%,0,$0.00
North Naples,United States,1,100.00%,1,0.00%,2.00,00:00:00,0.00%,0,$0.00
North Syracuse,United States,1,100.00%,1,0.00%,4.00,00:00:00,0.00%,0,$0.00
Orcutt,United States,1,100.00%,1,0.00%,2.00,00:00:00,0.00%,0,$0.00
Palm Beach Gardens,United States,1,100.00%,1,100.00%,1.00,00:00:00,0.00%,0,$0.00
Palm Springs,United States,1,100.00%,1,100.00%,1.00,00:00:00,0.00%,0,$0.00
Pittsfield charter Township,United States,1,100.00%,1,0.00%,8.00,00:01:20,0.00%,0,$0.00
Progress,United States,1,100.00%,1,100.00%,1.00,00:00:00,0.00%,0,$0.00
Shoreline,United States,1,100.00%,1,0.00%,2.00,00:00:00,0.00%,0,$0.00
Simsbury,United States,1,100.00%,1,100.00%,1.00,00:00:00,0.00%,0,$0.00
Spring Hill,United States,1,100.00%,1,100.00%,1.00,00:00:00,0.00%,0,$0.00
Spring Valley,United States,1,100.00%,1,0.00%,2.00,00:00:00,0.00%,0,$0.00
Stonington,United States,1,100.00%,1,100.00%,1.00,00:00:00,0.00%,0,$0.00
Tamarac,United States,1,100.00%,1,100.00%,1.00,00:00:00,0.00%,0,$0.00
Thornton,United States,1,100.00%,1,0.00%,2.00,00:00:00,0.00%,0,$0.00
Tukwila,United States,1,100.00%,1,0.00%,0.00,00:00:00,0.00%,0,$0.00
Waipio,United States,1,100.00%,1,100.00%,1.00,00:00:00,0.00%,0,$0.00
Washington Township,United States,1,100.00%,1,0.00%,2.00,00:00:00,0.00%,0,$0.00
Wauwatosa,United States,1,100.00%,1,100.00%,1.00,00:00:00,0.00%,0,$0.00
Withamsville,United States,1,100.00%,1,0.00%,4.00,00:00:18,0.00%,0,$0.00
Woodbridge Township,United States,1,100.00%,1,100.00%,1.00,00:00:00,0.00%,0,$0.00
Sunshine Coast,Australia,1,100.00%,1,100.00%,1.00,00:00:00,0.00%,0,$0.00
Fuefuki,Japan,1,100.00%,1,100.00%,1.00,00:00:00,0.00%,0,$0.00
Imizu,Japan,1,100.00%,1,100.00%,1.00,00:00:00,0.00%,0,$0.00
Kizugawa,Japan,1,100.00%,1,100.00%,1.00,00:00:00,0.00%,0,$0.00
South Tangerang,Indonesia,1,100.00%,1,100.00%,1.00,00:00:00,0.00%,0,$0.00
Bucak,Turkey,1,100.00%,1,100.00%,1.00,00:00:00,0.00%,0,$0.00
Sakarya,Turkey,1,100.00%,1,100.00%,1.00,00:00:00,0.00%,0,$0.00
Binangonan,Philippines,1,100.00%,1,100.00%,1.00,00:00:00,0.00%,0,$0.00
Tallinn,Estonia,1,100.00%,1,100.00%,1.00,00:00:00,0.00%,0,$0.00
Pireas,Greece,1,100.00%,1,100.00%,1.00,00:00:00,0.00%,0,$0.00
Athens,Greece,1,100.00%,1,100.00%,1.00,00:00:00,0.00%,0,$0.00
Riga,Latvia,1,100.00%,1,100.00%,1.00,00:00:00,0.00%,0,$0.00
Guaynabo,Puerto Rico,1,100.00%,1,100.00%,1.00,00:00:00,0.00%,0,$0.00
Bayamon,Puerto Rico,1,100.00%,1,0.00%,2.00,00:00:00,0.00%,0,$0.00
Ljubljana,Slovenia,1,100.00%,1,0.00%,2.00,00:00:00,0.00%,0,$0.00
Maribor,Slovenia,1,100.00%,1,100.00%,1.00,00:00:00,0.00%,0,$0.00
Banska Bystrica,Slovakia,1,100.00%,1,100.00%,1.00,00:00:00,0.00%,0,$0.00
Bratislava,Slovakia,1,100.00%,1,100.00%,1.00,00:00:00,0.00%,0,$0.00
,,"4,964",83.22%,"4,131",64.67%,3.27,00:01:23,0.00%,0,$0.00
